ZGXUSLW#	LNKUY#Q#	LXFIFK8C	BXF#I6N#	UMDNK#IT	Q0MPCWWL
WB#FNL0A	YFZU#JO6	6#W6#K8L	V##RXI##	QRQNZKFT	ABF#ZK8#
GFWMEKQR	##Y8N4LZ	#EFT#T8Q	4#AB#OLV	FB0Y#OOC	IE#INETZ
#I#TX##L	8A##EXR8	GGTWA6JR	##GG8R2S	AP#KVKFL	DEPU#O64
U88NRLDE	JSEHSU08	#OH#DLRX	ZBIYQEH#	AGBN0J0M	PCK8I#84
6LWFGGD#	#40RHTW#	PGGMAZIU	XO##KZ8B	2#P2AYDH	#H#P0CG#
JQU#8XGP	N#HNJDFH	DGN8B#2Q	UY#B#A#A	MLNFAKS#	UMJDVRFM
LCR0R6CI	PK86B40#	QQHPKGL0	ZTHE2ZE#	ULXFB#6F	#VTKK00W
T#IOOZ#W	20#YEXKI	#0QWK60D	M#MM#E0R	NGIPVE2U	#2BFYP0W
60RDNJN#	QFI#A8PY	HFHGFWFT	TSB8G#4X	KTP8UGBY	2#O#DR2S
RWAUB#IZ	IKEQCIFZ	BE4BWGOB	#JGMOXJU	8SX6VVMD	SF2SA#AM
0GZX#X#S	C20SB#SE	0#OBSTSD	APAU2RC#	###FYX6U	8#EYXF##
#X#2#OGQ	QW#NHEV#	OEUZ#FBX	N#CSDSTW	8U#E#XAL	#WY0N#TU
BYBZ#KIQ	CPY4W#PW	GOJC#QDA	KZL0L#MU	#QC4D00I	2XWHMLOQ
0BIFPX#Q	BPCR0FW#	V#IN##SB	ZGAI#NR2	OX##2JLB	UTLY4RY4
##M#YYVM	RVKS#G4U	#MKAUS#D	#0#UT4#H	W#EP#XOM	#SXW0AP0
0PWDIAXJ	P88DG2HX	####TZK0	MDKAFHOU	LVFW##6Z	8DMAORBM
#P2UKHRO	MEW2CP8#	KTC#VXV4	AKGR06BG	QCLXG4#L	DGXRC02U
AK#4T#S#	KRZJZ6W4	D4#ELAJX	ATCSW#0P	CNZPMK2R	QMUZ#24G
BFDRRDZY	OQ0#BDTN	#6OFK#LT	M#UTDMEI	LARHUYMG	Y#YJBKJU
ENN#VFZF	0#LT8KB6	R2HA2#H#	MCVJYIRJ	EXPPPJV8	JMYY#XQ#
4ZVATJH8	#UENM#4W	K88GGPK#	Q8#S0T6V	#OJYL##H	##0#E8KJ
BWNTYJAG	VX026XF6	VIMKR6K2	4R#OJ8KT	IA#B#BDZ	XZ#AVYHJ
UX2M826X	B#KHTDAP	LCXU#JYJ	FYH#KCHH	QL#D02PJ	GPIZLJ8#
VLOWG2Y#	SWYKG4DG	#2#UW0GE	G8#E#RUO	YQJXI#LT	CHIIBT0U
K8#K##LQ	UILB#0YO	FBSAYFKP	T#E06U2Y	0DM8VN6#	#2ZFYVHL
HW#8LSPI	F40TM4MW	8ORVPDMW	#6JVF2U2	XL6DQXIP	T#2#ENV#
#SCKUI24	A#AAM#WO	OVOD4K6U	#E2#IG#2	T#JS#RUV	DVCFRUVT
4#FMUTCV	VKJS##KI	QG#6#Y2S	S4MT##I8	OD#0VB#Q	T8IZVL0R
N8ZVEJKU	RJ#8#GDR	I#JQ8SDT	MS#OK#68	6J#LPTH2	FHP#VWAW
#TB8#QIJ	0LR2WH64	H0YMVQVA	CB#8OGQQ	RAG#LL2I	0HSXAXA#
#S4ELDTR	6KEPA62D	N#IO2A2W	NYO#GMIH	OMF8IOGL	EJS#KDQR
8C0DFO8Y	4Q#QOWOM	NO4QE6FI	#EDYHID2	2INA8YWU	WD2XCP#Y
MKRC#W6J	K#FADP8L	CNUI#CVQ	0Q8V#FLM	#Q6B4#DK	8G#ZZV0W
A#2I0##M	JW66LEO0	0#AZL6IK	XKN#4##6	##MF#JUB	XMZMYB8W
HO#QP4L#	V0EQFXZD	0RWY#EUA	DBRXO0DB	L#482K8L	#8#84YUX
N6KQ#UGG	D##FSF#V	JZI#6K#I	RM#U#SLJ	I#TPLR#I	F#OWROEL
#WTPDHNS	NBNATKZI	#RSZZEDQ	2SQNHEIR	J6H6ZEBJ	ZEWHVYF#
GN##TIW#	TZZE2H2O	HER4OV86	OMWUJK##	KGQF2M#I	FATF6KVO
N#E#4N2O	JIRJ#C6#	DGNV0#BZ	J#QVE#AL	KQQFT#DM	P#DR6#KU
JW#UTKNA	J#PXKFSL	YQM#TKTZ	UYHUXWXR	8S6KXT2K	I4WC##WW
W#G#C2R#	QNC#80TX	EF8#6A#W	JE204GBS	OQNO#OE#	#W#V#GY8
0EQ2I4#A	VPFFE8#X	##UHK4JN	L##GWW#Z	LZW##ROR	#WHDHPI#
YOCE##LC	##6YZ2L#	CHPUHUN6	4G#NLY2#	J40K2WBP	XDWEJNPK
TJQ#D###	SU60O4A8	BUEEEJPB	T0#WNBQW	KUJFKJ6K	ITWJ#WJ#
R0CJ6HUA	YE4#BW#F	P#H2#MND	##AQ##2R	W4X4#QD#	#QNW#8R#
KWG6LQCH	BT0#4#DM	FTYETD#H	L6BE8VRV	84#Z#DET	KGVU2JNZ
WOWDEAI#	0IM#Q2RQ	TU#K0T#D	QWJJH#CI	YMALQCUF	OL6RU#ZP
XT#T6CDT	BP##VRLY	80I#DSHY	ULPQ#VOS	G#BQZXI#	XYPW#6#0
Y#SS6#QP	#UDQODKP	NV0K6QKW	GRTS8#GB	0A0#06#G	4FSVGE8I
WWRDRIX8	UDO#NLTO	DXWOA6B4	#GLDCCEG	UFRU#B#R	YJENSSR2
D2W48#X#	M#CFQQP2	DCCCSZBY	AS2#YPG#	IR#BX8#X	4#8Z868H
#CD#GDV#	GFIILTSY	EZ#D#8PQ	6YAK8JB4	4WHNPUBX	0#W#4E#U
#26IDKLV	QOSB#GRV	#P#XK#NJ	W#RZ#OW2	6M#E#6#0	X#DY##PP
XOG#EW0R	#NNOIAUL	E4VONSTP	#KYYJFGA	BXUBHCB2	U#SMNC4V
DJGTOFSO	#UGXBU2A	2O#8YWCL	#U0###US	CMKPN#BJ	NXHCBM0E
EZGNWJTJ	D4#SNZOT	U##0#YZX	C8K6DILO	02DEZBCX	FHBFGF8J
HTRANU0C	AZ02FO#P	DW4UZXCC	4#R4HLYC	PF2MT2B6	XE#DJGHD
FRVAL42R	IXIEXJCS	UCXI8W#W	XCL4A4BI	UOVC6#HM	4HU#WZEH
0HPJGVMJ	NFQ#ZPWH	IOIPFLOG	KBJ0#4#6	ZWCSL#IF	SWREFWOJ
PXQQS#QV	64##DBXO	JGJYSSSV	RNVF8HPT	HCWGS#CG	VHF0WD62
#BT6A88T	BEEI#FVD	EC2G8PH2	#AHOZ#YU	KSCZ2G66	XWXS4OT2
H4OA8U6P	ZMW64FC2	GA6G0F#Q	B#8ZBAQY	#DD#HYMY	L#LWE8##
KHGH#KEN	OFT0RC4#	Q2F6M#2J	OUQYGRYP	UXHOA#LD	UUU8Q6IS
4SXJBND#	C#G#ARJA	64VLT86F	O#N0Y#L#	E#UY#R#X	#LEUG#J#
HF8#6WUD	6S2FSDVY	LH8VD4#K	N#IPP6ZP	TS#OAZDB	K#R0#AP8
02K#XWPC	CI#R6MRU	G8Y86TBG	UZV#O#HG	0DOF#EWS	N##CI#X6
Z#68I#QD	B#2Q#FNJ	WK0#SGW#	JHGMJ22N	#JM#KXN#	B0XQ#NAK
EJC2M66I	M##J2RLS	OQ#ZXRW#	0#AXZHP#	LSSSPVZJ	N8TSJO2Z
#PBADB#G	GZZUU#ZE	N8#MNUUL	PXLKTM#2	YLFYAY0L	B#Y4MJK2
#R0YIIW4	R862TKNI	86FTJ#C#	6BC2EF0#	DCJ8AKQN	XKC8NUW4
#C#HSPYL	0DDM6PDP	WWPRERSH	#CO22##R	#20E8DXR	4SWP2YR#
ORXF0LHA	VOYWKNMF	#WQL86#P	PJP8TT8W	CHYZEPLG	62Z#SXO8
HF#O#DNG	#KWTX#VR	MQ#I#QZ6	O2NIC#62	VF#IH#U#	#BWOWUIL
GTMF#T6#	HWBO4ANR	BF26NDK#	Z8#4DH#M	PQ4PG4TX	6##BPBE6
GVI#BRIG	8L#LL##P	4#U0#ZMZ	UE04BN#M	W2S0H#VY	SSBMN#AX
PKSTWE#V	#2VFTFHR	VH6CKE4E	BWJTHBV#	#HMPPISP	NXKVCBD#
MTMA##N8	MPTZ#8G6	EGR#0ZVT	NSO4X8#R	KPPKLBTH	JXIBC2#Y
DSLCKDFP	###UG0T#	BQ#R#I60	MBPRGHX#	SHO2WF8N	XZM8#YI#
8QHXZAIF	2M#JWVNP	R#2KFLMY	##O8ZMB4	UDS#V2#T	NQO#28TZ
RHKNH#I2	AO8Q2O#B	S#FFAMF#	6W8G6WAM	XFQE0PU#	0TKO2L#4
JCZRDBYD	MI4HG#SJ	B2GK8T4Y	4DUJR2IG	B6DOPB6O	OLQ8#JW4
TIHEGXIF	QA#YGDDS	LKGNFKRY	6#Z6IP8#	G#L86#FH	KGXIIQ#E
O64O#OFX	U#R##6#Y	QLWEC#XT	NG#MUXQJ	VF2##I#Z	6UE#I#WP
T6SUZPGQ	XUQ#URRI	6MRHZ60F	4CZR6FGV	#XA#JMP6	#MV#HGUH
#IVMBELJ	PA#XOLME	LG##SFA#	VUNSSG#8	SH#KOMMW	I8RGGNRW
8JC4S#J#	XFI#C0#U	6F#MTXJ6	Q8MGTZY#	OBDDVJ6E	SGM#BYDR
NPFAT#8C	GAMGD20L	20#GFPTD	XIITBROM	GEET64KS	FJKT8R8T
M84#ZE8#	WD2#HJD#	#MIFOC##	#SSC#4EA	VHLYR#G#	SJ###F#R
I6OF#S8V	NUDI#J#T	I##EINIC	O2T#2EJ#	MGCKH04Z	28C8KKWU
P46ERI#O	#2RW##GZ	0G0PTDCK	CAKI0C#X	UT2#S#W4	#IOMLXBD
E##BPDWE	6RLC2Z20	UCKD#4U#	2ZA#C#6D	2BJKZ0#T	H##2#V#K
UL2EKKCK	OMFHLAGV	##VSXLJY	PGHNVRF4	WRS#NZ6T	UGKDFHKR
#G#V#CWQ	66QMXR#F	N46DZSKJ	S48RB#4#	DNLS###0	GADOKCLM
HHLHOKYD	DHG4MU##	C#V#S28E	ZF#FOLPN	4ZT0LFY8	XY624TLO
MEOS0WBH	06BDRD##	EWQVFV#D	CBNDZNR#	#NH4GFPY	Z8YMU#FC
P6DHB66L	2XNMWP8#	6F2#FWG#	XYNC#S60	KJW#2K#H	RM444CWT
XYZKWO#K	Z#AK2H2Y	A8M#Q##4	AY#EJ#EQ	#AJ48Q22	M4PB4TFK
#OQ#ECGH	KWO#VOK8	#EXT#KPV	W0JIY0P#	TEN2R##X	60FQ4XTN
Y6TVN6AZ	#GYTUMDF	TDZVB#2J	42Y#2FHH	GVOH#VWU	O6CQAX6U
BZ66N6OC	AP#6UUDN	FOYSQ#XM	4GI#EHLL	TBVFO2#G	W#SI46MI
4#K#CN##	L8A#JLHL	ODOKDGLX	G##DTI2#	2ND#TFEE	LCS##HUL
TZ2DQ#YB	#GZY#LD4	A#FOQ4ZC	E#NHNER8	BS#AO0VN	TDRR#MSU
HDB6Z#GP	FGRC##PX	ZI2HQV0N	DZBFD##T	ZUQLLSSJ	LNQY#WN6
XPJI#ZVX	TGG##O##	RSRFO0CQ	#E#MQC##	EDH#XI#E	IWDDNOLP
CDR2WSXI	00LE#NAF	MFFP4##A	2E4C#JCG	#DMMR#JC	0#TNJ#LT
#46N2##4	AEXP#H2X	JFP46ZLL	4NB46GVK	UQXIP4AY	J6BCUZLK
06ASD#MN	##4#UVVB	O#L###IT	B#4HUZAT	K6#88PWD	#4J0E6P4
0AY#EW##	F4CDDLW0	P8X#G#YL	DRDROUJZ	FKWAQ#FY	DGXVAGGF
QKN6WOPG	06J#PPWK	Z2IQR0JZ	6AIMRKF#	K0YMJDOH	GVJ#T0N#
0DVKAVUH	ULZS0GRW	JZE#X2TU	#JEK#SWZ	##X#M#S#	#PJPNMZK
XLATDQ#O	WRGPY0FB	6M##XQOO	#XBEG8IV	4AUZS0E4	ECVI#ME0
KXDQNCH4	6BS4#ZY#	SRPYA#K#	AISX6HQ4	#C#RAEI#	M##AGLMP
00#NSIW#	E6S#N#P#	4C##64OK	8#TSOXM#	VYOJND0Z	MZFL60#E
PLXMJQIA	U#WI#4XI	OQIF4USK	U24O8YFO	EQCFSSUI	NPWOKNZJ
SMTF##BN	BZYIIKN#	BO6OL2DC	#0Z0ZHKY	UB22EI2S	LKSG##Q0
4#BSITFQ	FRFCUGUH	B48P#2M#	FR#F2UI#	0V##8ONH	IISKL4IV
##IQ4V#0	Z00A2#EE	EB#ODE#R	NSFJXVDR	V#UY6WVI	SG2#L#2A
T#RZVLJ0	XSG6M#PC	8QNKM#2Q	#AGNJAOB	M#G#N2DM	PIQGTV#D
BLW#GE6H	M8QHTWUU	6TTX#BPJ	EQ#WQQO#	S#6MD8VE	0D#L#QUD
##IQJYK#	#TIRP4YR	JCK#SKS#	6N##T#CK	N6T4KOS0	2XL2FW2G
LOPZLRD8	GS##P##T	6#UDB4LG	##PPTLFB	6#RUCHL#	L#HYREL0
PXF#6MTS	CSGPHHUT	SBUOQF8C	XR6#8K#K	GG4IORKO	SY8I8I0K
F#886RQB	VTAHREQ0	B284FRND	CFSJ#IAL	XS#Q2D84	046F0GHU
WLEXV#4#	NSKWJQHP	PM6GS#8Q	PUHSMOFR	GB#02IUR	H##U#R#S
2WNGAZ#F	INJIEBBQ	M8UCT#A4	N6JTGC#V	HNROIK8A	#C#4IPBN
SO#VL2SW	T4TTUT#S	U##WAG#Y	LW8TH4P8	JKQL#OP#	DXQRXPDT
BTCUIKWD	HIXUH#I#	MH0#6GCV	#0JR4UD2	J2ZMNEEN	T##4W6R2
6#BJ#4SK	AEB#C8#L	PSEP4SJM	GXW#OV#H	LCZKTA#6	ZRP8WJZP
KUF#2EOB	EW#FXSUU	CLR04UNU	TD#CBBBD	N#L2BQXA	TBS#YD#6
#P#OX##Y	MMN##G##	XTL#MTZR	26F4XTCP	WXQJFTQO	#YBR#0QZ
GUHS2GVZ	FB8#VXST	F64#2Y##	GIXLTH#B	#E0UON#A	#CW#JDBJ
XKQG4#YF	PB#T88KG	ICMH##EO	6T48PA0W	PS6#KGDX	B4KQ#8VG
OJIDF2SP	QYUNEYLZ	H#IOSRFE	OZUE6L2#	GHE68N46	S#8##WOD
4E#EPAXE	BUHT#V#J	L2#DKIKJ	#TO0AZCB	UWVRTF0J	#6G#QT0V
0W#2ZYPM	H2WYLWBC	8FCZ84NG	F2TAMDBB	UAN#86WZ	ND8MZNSF
#A2FQYU0	PZBU6TS#	#BCHLV8T	MIOV8B4F	BR#QYBWI	#SIX6Q88
JOQUX#K#	B0#A8#ED	ITTFHPNV	4KH6PL6P	E#AB62#R	6NGT2RCQ
XDPCP6LA	J#4HY#JO	PCPKVD#E	#ITK0EGH	WDIEXDMV	I8CLVPI2
VI4KN6Q6	CPKHHKU2	Q0HYDFMO	24BK6#MG	R#MVC#M4	CABKDURC
OLXLO#M0	RY#AQXHZ	RSRQMX4M	URS#P0J0	QJD#DQLP	UZY0UMMB
C##2ZVL2	V0DMRJML	#A24G4##	BRBKDJHZ	HD0SA#W#	CXA8HTR#
NS##FIYY	SSUT#OMU	Z#KZCPRZ	##PWTW6#	WF#D20N0	4O#U###F
LFEQMYD#	SO#PTG#I	S0Q8KUO0	V0OQ4G8R	O#B0L##S	#MG#X8EQ
EJRGVFGV	#AY##C#N	R48XT#L8	TDKKM#BD	4C#ZE#0C	C#QHQCY8
#CWMRGXN	VAYTKR8U	A22Q6JC2	2ZDAQ#0Z	#QXF2GPV	IO#RMX#2
#IYCWWRW	OWVIBMVM	#6#OZBAV	Q6DUDOZF	#QKE6YBE	UY#F#AN6
2HLC#LP#	0HCB#Z#Z	KEQGSB#M	GZ0GR#XT	FX#EFJZC	HG4DZEO2
QMIJH#6W	BS2#CEGZ	2WTDMYQA	#O0PBOEX	FJMVN#BE	BDKTYJ4N
#GSWA#IH	UTXMP#UH	#Y4N4M80	0SJ2R#JV	VH46WMWQ	O#0F8WMJ
L2#QY6RP	K#4PCD6Z	SRBF6420	XOL4D#2#	I8#KZ8#E	#XC0AGQ8
LPZO0#CJ	HOKFSKX4	2AIGY#IF	KRJWZKFN	RGBITXI#	IBGZ8XZS
8RXF#GK#	#P0#KYPT	E06N#HHX	2#VOD2#G	F#GQJMBM	MVF2R0EL
XOO#4FYH	NHOZF08V	#WKKMIRA	YGE2PWEW	#G#2NW#R	AZ#ZCGY8
QWO6PJOV	#8#TRSJZ	BZEYL#E#	LT8G2#NB	CMVEZVHN	6WUBBIGY
DANU#RKL	VWEU##N#	MEZ#INCV	8FPB6F#A	XJISFHMD	XJTSE6A#
PAKMIRMB	KX#8Y#F#	D6PRL#IX	SQVOWFQS	#RMQ#XGC	#NEBCVZX
SQJ8VFFR	Z#2X8KHA	0#EZY#LY	#ZB#WCAD	2Y6OTMK#	FFPEQHDX
IZEBXQO4	ZPT4X#HD	4CRL##84	KQABBF4L	EXEGTOWO	X264EQBP
LKLMP#W#	4Y#G8AL0	U4P#QA2#	WHW8RS#H	TOS4WXUA	PNZUMV4#
KBX2E6WD	DSZ#LXE#	UY#NT#2E	OEZZ6O#Q	MPC6S2OQ	K#2L#026
0BJ#NTZI	N6#2O#NE	A#BATT8B	#GSSRNBC	KGELW#S#	OXEJCIHV
N2PEGQAA	MXWIF8AF	B#FBRKSS	#ZSYCXXS	QVSPKQ##	Y##PI2Q#
G#8Q2UJ4	D8WQA8SD	0VC#G8#Y	ZHY#L8U#	2#60#B#X	T6J#P62D
#R2UFSKJ	##LEA28Q	2CN6YVI0	#6TKMQJL	TAAIZIF2	IICL#FUO
D2VZIS##	RCFID2TV	H#H4##8J	#VLHN#E8	86LEIXO#	IGUVMXDM
OCN24D2#	DCGYLLGI	FBT6OIZ#	#SPLHK#8	YLBS#ULF	D#PT#LW8
QT82K4#4	W##JE#8S	#2GURJ#S	0#RP28DL	JVVLYWYY	UX#4UZ#X
2K6F#YW#	HMVNHSAN	NH0SHHAH	KLX0QVI4	UMR6X#HU	XZZO0FCZ
T#ERAG40	#Z0WT0YA	YW4Y4F6Q	L8GWZHKS	#4##2ZDG	#TALGWTZ
XTTXCA#X	#AP#Z#A#	RPHPP0VD	OEKZMWS#	#O###V#Q	V4GWQHOQ
R#IRAKSQ	D2ICKAB0	ASAVLQWC	0#QZYGKF	#GOK8BI2	L6V##HG0
#GXOLF0S	FW#WIPNS	G#RH2QYR	WSDOM2EV	QDLIW0OV	6Q#YGZI#
V8CYWART	QOPRJYOB	ET#F2Y#G	GMW##ADU	2WWZNCRI	D#L4B4C#
60CBNN0N	Y4OWXDA0	LAU#QSDV	SN2N#Y#D	XIABK2S#	JQYYSYE#
R6LDG2LF	6SNMTP0W	QKGO#8E#	XP#46OIN	DD#YESM#	V0#JWL#K
N#XKCFMG	FNS8WLQI	ANQI#N8C	4T4XJOK#	FWER##HI	H6BX#MVE
#24ST#Z6	ESZUOTR2	IAYCX##S	A6#C#OOO	WKDSBCA#	#4#G##XW
2DOEA#I6	#MQXC4JY	U#DJ82GA	TXCC#MRP	FV8#KBW#	OLWXDCCQ
V2VKAH6U	24#OES#M	OCF04DA0	TEVYYARI	IW2W#MX#	8RFQ#PVI
6IRXEHVV	S4#UOOU#	KSOLCX#I	0WN#KLYB	APZ##Y2T	80I#0YX#
CGW#Q#WA	NXRIY#ZF	#MDEMXRN	VNEQLH##	8#J#R##U	#BNDP#B#
4L#IC#BP	IOBHIYNT	P4UV#0FL	SIE#I2SC	YPKQK8#P	6MMJF6YE
S#AL##SS	0L0#VMAT	G#K#QCVP	I2#8HMLG	#4IMEK0#	F0#Q0E#J
2Z8YYZD6	A##XK2SV	HZZ8MHXL	8WYVN#EM	NC##F4CU	VM#MC4VG
Q#M#NZNN	#C8HMOER	VSTMX2YR	POITE#6#	#046ECKQ	PD8#N#BF
C8XMD4I6	D2GH4XKB	H#6YPHHS	2M#6EU#K	ZAQZVOLC	XPQ4XI6W
ZPDT#OSI	XVHLDT##	0EK#V#K#	ORNSUCQF	#NHECMI0	DM#SWGJJ
W#OR0M0X	#82Q#GAM	I#GEZOIR	M#46TAZ0	QOT4FDI2	FO#PM#F#
IKLYJAIQ	VVNKLO#F	#P#VRF8X	0L4TV08D	#MRKEK8Z	YII#6CN6
#QHHJJLK	KWLDSZ##	#LGW0UOY	#WKR0UMM	F#0VJ#DR	4M8FNSNF
DW#O#BI0	EPMVQBV6	U##ODVJR	CE2#XR#H	SB4BC0TC	8WUY#6AQ
F##TRCKO	#TH0X4ZL	SHAOONTQ	M#LTRADN	ADOQXH2D	DHKL0GP8
2#DY0FD6	IEFQAXOQ	SNQ2QL28	#TQCUFF6	GFQAH#OC	VT8###Z2
N2VNXYWU	#U4UP2B4	F8L#CRPZ	WLE#AXGR	#WRDMVS6	8YCJN#S4
2XY4CHIJ	0MOK#K6Q	IB2YQRH6	N02KESNY	P80VR2#O	#DXE686#
RJYUZ0KU	#46SQ#YX	SJF#G#L#	GEQQFRPA	KFC#6#SB	8Q#JE0XZ
TT0N#4#H	4S#OL2DF	IJFTI6G#	NOQNVE6F	I0GJ#NOB	K#0TYJ0G
6FWQRX2A	GDGNZFVU	FL#OFGB#	HXG#6#8G	IQ#Y0KBA	DIEY0RG#
VR#VM#KY	QAK#82L#	UV4GYQEL	2UWXY#VB	NGM4CT4K	P4ECE#RI
C##4ZWG#	WBOV4LQ6	EMFOOIGV	RNMHZJKQ	C###DWT#	#MEHXPZD
0HIEIHQ#	GFOVEKAX	#WYDWGWU	N6#R2FN2	#X0CBVVY	T6TXUHCM
AIIXD0E2	ERHTEM#6	Y6LYOHFY	Q4EXV04#	WHF#2TBX	###WWTP#
4D#FCRVO	HOX#POHB	FG#G48NH	DLWLB#2D	#8H6XIHE	OFHDNTI#
GI6#U#0A	DSEDW#D#	#G6PY2YH	#O###DLP	##T0CIWU	XX0S#GMW
RX2INGUT	#HCL##XG	QDPE2#VF	CRGG08QC	#FXKMEX6	J#DXOUH#
B68SCY0N	4NHJR#VB	#6TJG#4#	VKNCN##K	ERM#QCRP	E#2DRAQA
4KR#ZP2U	LRGSWYBN	##E0FBZI	ZXD#OLE2	TPF#IITU	SCY2TXJ2
#G#DCDBF	VEQ#AYXP	NAWYETWF	YRSI#VAH	6WD2DDJP	L##YYRHG
FH4#X4EH	N#P04JAV	TTWXFPYM	Y##2YKWZ	#SE6CIX4	2IOSYEJF
KIVJWXRF	ZMBKJQAV	O4TPMCPJ	#ALU8TS0	ILJNENL#	LY#VI##2
L0OHN#0H	USKBEOXC	I#KDZFAH	OCXKUOXJ	I2L#0BYV	8UHVZWJ6
#DEA#BBO	X#AS#JTL	TXDSRKJ6	FT#AC8MO	AFQIRYCR	I6#UX#L#
LRPAB8QZ	#G#VTR##	2NBI80XX	LCQ2G#SW	G##JMR#6	R#20LH##
QL#LHOBP	IIL#BRA#	JFDA#VG#	6EGNU#4V	MVZN8LW#	6#GWD8OZ
Y4#YNTHM	SMELSPAM	TYCLZFU#	#NNIP#IU	BZ#FPCXP	HBB2X0#D
QHLNWI#F	W6M00MP8	#ZUIE6L#	OZ2R#S##	VW#TXJMS	IX2H#BFN
JX0ZBCJS	AWDNL#R#	LZSBROG8	T#SECWU#	#AEHMW8M	J6CWK2PR
RN#WIVSS	CAS#OLJE	#K#S8CFO	#ANHJVGQ	ZM#RN0BO	RV6WGQR#
#2N4JU88	X6EVJJUF	MOAYNAY4	V0W4LJZ6	XIJK#HS4	MATSNQZX
GOCCE4DE	0TRFWQ0Z	#6BWKL#I	#UU#IH#F	AF6DQS2G	QMS#684H
#S2VBXM#	HUNB0PVC	#K2BHF#W	JXI0PC0Y	F0F8I#UC	DCEN4PE#
#CNY#Z6V	IU##QUMJ	E#0JNA##	22JY0ZKT	#ISCT#LE	QJ8AB#8#
#LM##YWD	BQQU#CD#	JZWNOTV#	R2KNC#2K	CDOWW2T2	VG4##IIE
FBORAVCL	4#ISQGFM	OE#SW8L4	#P#84AVY	0ES##O##	ZJCA6W#K
##HRWT0E	DYBL042H	2EULDPBP	60VN#KYV	JVR#V06D	LOPME#CN
HH#J2G8V	BQYIQABK	0BVOUSPL	SUY8I#0N	UZTBWRUN	SQ2Q#JWV
MEXSB#QF	NI6QX2##	CWU2UM4O	GSXHF#QF	#P##U#BK	TL2DXBPI
U4#RXTRB	4#C4ZE#T	0W##J###	G##WQMBD	#PBD#T4I	4##WLNO#
RWSMBK0C	6UFK#J#H	#R#LMM#J	I#ERBXTV	NJZSE#EI	OEN2ZS#4
N4MFHQM4	R8XE#NJ2	U0WI2NQS	#WW#AKYP	MAP6QBHG	##ZEIT26
UQ24KJ8S	FWKJA2RV	F422DDR2	M44M4Q0Z	C#GEV8JR	Q#T#XESJ
DSNV#A#G	EYNMT2TU	BIFX#O#N	RML2G#4#	DR#R4OCA	G#WX8M#K
XY#B4Y2N	A#2###C#	JBRN#JWR	BKQM##M4	#RACL88G	#NMHP#WF
TWVMTXGI	TRWJ#LJ#	R2Y#KEY0	4UOPF4RU	0XASDH0D	CPYQSU#L
0SN##4#Z	H#B#XY##	CU0KEOP0	6JWXKYUU	2ESZ8#2X	PE2A##Q#
CF#6H#OT	ZA#XV846	QQ#AYCRT	2K#R#2LF	#WOBPZJK	4ZJMXV#P
HOZ0F#D#	2#2S8CPM	JE#VLL#Y	S#0A2#Z0	QGR86YCG	IMM#CQE#
6N2#EY#Z	FXM4CN#Y	ABWAZJSL	YF#KEBFT	FJ2VZEH4	EGDD#SXI
I#TO8YM#	SZ#0VT#U	#VCDI2FL	ARGYMIF#	2PLE#G8H	GXOCMHQ2
C#BI8XZ#	P#NNLAXW	RERCK0#4	CYMIE##W	CE2XXJAX	AUVUP#G4
J#E#LFGS	EBB#D#Z2	KG#V#AC#	#PEKB8H0	0XQEUMP#	N#O#MCZC
FL6GRXUL	D0X#6NUT	MUJ0#X0O	S44OADU#	WEY#AV48	N0#6G#TC
HJYWTPGM	0TWNFDTZ	#CLQDEU#	XPUZXSXN	RT6FRLOA	#KFTIWMC
QQBRT6BJ	NSF4E##V	AB04KVME	0NNNUY#4	#O8UMZ0U	YP#F2IDA
YQY8S4XQ	UR8JGX8W	KV4#Q2#W	0Y#NSQC#	FYMCF#XK	UOFNZN2B
EX##6QEX	4IGJE2ND	##ZX#AUC	28QUK#DH	KYLRDDYY	TLPHNP4#
EDZM0SEN	2LTNUNCX	MWLWAFL0	T#WYYW#T	8#LMQ8DK	8XAU0CJO
FK#JAH8N	PG64WMPK	Y24OGLNZ	0Q#A4JG4	F0DR2#N#	HVPUZKF0
OAEOT#KZ	GFT80M#L	NR#S4OVK	YXEJ2DHX	#CK##QV#	HA8##GYA
EDKIKWGO	MPATITTQ	4YK#UQ2D	WEBHQ###	X#LGPSQ#	PFDX#XBQ
HB0#HQMB	#RC##8WQ	42#SSMZE	XUWTG#0#	RCZVX#VJ	ENFV#C#F
8PREGTPQ	V08K#2TP	QETUN#IM	6T###W24	I#VIG4Q2	PK2RCIKF
62#0VFRH	NH#C0M4Z	E#Q#IV#2	OURK#TTR	QOWALTRF	8K8ID8SP
#T#LVEZW	RZBXLJS#	QZ8F#8#4	BM2MCHVM	#B4GN8#6	LN#IY#6F
P#C#U#CL	0JOWLXQG	##HJXYV#	ULMUO0#P	YK8#FEO#	FZKE4U2B
FE#ZQRVZ	FPNP8444	8Y0XZJ4#	PWIFADX#	YXEDBX6#	2SV#OT8E
EG###EYT	CMCG6Z4D	YPIHXNU#	#IC##H8R	MAX#WC#0	RXRP#VA8
8GQIRKS4	BFV2WBYJ	HVXXKINA	#R###KB2	#C#HP4VQ	D#ZOS6JY
YWDWC#2O	8#MC2TWI	FP8#2HC6	VOIUQDEQ	V#8ECOA8	#GQKZUBR
KY0EXO#I	LUDWSKOH	84D6RCVH	00LXXWDC	IPKZ#OHI	TT4MMYEI
G4#HJT#W	#NENYF2P	IR#N8#88	MK#N#02D	#X#A#RYG	L68O2BN#
K#LWGBDM	#ALEWEIY	6Q4SPMPW	2#DT#ART	AVXRCOEH	#2ET4E#W
GWFNJNN#	ZCVTX#WA	YYZFS#8O	6P#DCCU#	A4I420CB	R#8SQG6H
GVTBPVRJ	BTCY#J#X	HRSLR#HI	F#IB#6#Y	NH#N4IX#	PGXYP#K#
GPPDJZJE	#YMQA4A#	UU6BQAET	#BX28QCR	2K6AQAFP	BUXGQ8BZ
BCI#TU#B	4#MVUTZV	UE#AXROT	SXTN#V#E	#TPPWG0C	HNENCXLU
VPH2KCNW	VTR68#JY	QLE0#N#W	QF6TIBHP	S2HIFNJ2	XI6G#PRC
G#SV6#JD	AN#6QWCX	ULTEFRN#	STR2#ZE#	Q#2#RK#N	8LG8LAC#
LJPISX#2	OYJL#4W#	WT#J#J#Z	4XB#ML#M	#EU#D2P8	806YB0#J
#LGI20SN	LO#Q8F0B	QXSSLVWC	C8WI#FGV	HUZTZC8M	TSRC#N#B
#CDR#Y8#	GBC0O#T8	#RQS4TIX	LIE#8GQ#	IGW2ZZS#	4HISPO#M
FBVLKXGW	INJEUFHO	VTU#SP#2	AAXNONWF	ZJYVXTJD	Y#B6GNQE
ZHVYPZVR	#EENIAYN	2VAAUEMR	ARUKE#E8	BJUGZTAW	OOVMOBVP
XWFL#B6L	#JIBV#EN	4G2ZMQJO	Y2OR6RO#	#BMP#TEI	H0ZVS#DT
V##YGCPY	WTGQ#P8D	4280XF40	W2P2T#Q#	6ZI#KFM6	A6W#YF#Y
I4E#X#6P	D64XE800	JRM0YOTL	FG#U#6##	SPW#YKXN	MQXS4ARZ
#KDIW8#Y	W#C6#I#N	VUC#P#LU	ZNAIQWI6	SZBHIDOA	QOJXUZVI
BZ0EV0Y8	TFXFB8##	DMCD0#FH	WFMOKEF#	DHJFCRDX	WUAF8LLA
VDQOR#HC	BSGT#0E8	W#BE#GKW	MC0IO2KN	ZRPY0##P	0VFYOZFW
K668EP0D	RVVAQN8#	#8#2#MCS	EXK#U066	KJ#6KLHP	BGNJ0VWH
YB4LY0TA	88UNAIV#	4J6XJD4#	#D6QME4P	ANLVNIKA	J#C6REQ#
DJ##6UBY	6P##SJSZ	FHS8FHU2	XFZ8NYAE	MIWZIXJC	POSR#V#H
AB#0U8TL	U#E#4EPO	6O8NBF#4	T2#JSXMB	2OFU8LFX	6T#ZQ4XK
#T#K#Q0Q	UVP#YPP#	#RIGUE8Y	URDB#88F	8U4#4HXW	#S#W0R#4
UDMNLG4Q	PZ8#WTBF	DTKSKLE6	CMKCG0KK	LZ4LRY##	#OSJ#K2N
##Q#Y6IK	IAXT4UFZ	#O#4ORY4	AABFUG#B	2#F#0DD8	CJ#QDWZ#
HTIMOC#P	SMQY22MN	XRIU#N4N	IGSZKAR#	#TZGB#AO	RCWAITBC
6MQQBOWS	HFW#RT4M	#0GUWYCY	HLEICWF8	G8KAAPMM	KN4H2IPF
OTQZXJ0#	WDW#D#4#	#2QX#J04	JHSDIILG	TCW#Q8LG	TCZNNI4H
2NYUJAT0	#RH80OCL	8EGT#ECP	8DW8HY#R	#8#RMXZ#	F#B#HK#V
8CSME6NC	Y#OS#BHS	HITCSA0W	I#BQWDIK	#VR#WGP#	8NQ2#N4W
Y#RI#6TG	N###LXH#	#ZK8#Z4X	6HQY0UAN	K0CBTO0O	N##TG#ZX
VJV##TCU	IKXZ0K#D	PQBBFHRX	DYOFR#IY	K#0DXYXW	AJ0#TCAV
#BL4F8K#	TCRK6P0E	WPUL#UBR	DLIY8QVF	J#ZL#E2X	CAFQ4L#6
XS6NWVS#	#Y2#HI44	VPS#I00H	UMC6YP#6	K0JPQR#Q	ID2FSZBC
UC#R#A6#	4RU4K#TT	#G0N2#MY	ICJVGFAU	R4YFCUVI	DYNBBTST
LY#O#K#H	DL#OD4QB	IG6AYL##	#LO#OA#H	B80TAPDS	0N###CV#
ZPY2#4OG	X#YO#Y0Z	DP##KK#O	JWDZITO6	JEIQY0CU	N##LXJ4D
4ZND0HGQ	6#KV8L6#	J##MNWFH	BRBPC#LP	JJS#2ZLJ	RDY#HLMT
D2AY#R#M	E2ZN##SZ	PK#BHS#T	CSSAL4AA	488KLYIY	6LFRZGJG
C#QP###8	DALLZYGZ	OKU4##HY	A#KXT#QV	DGLYCW#D	Q#TPXRKX
4SLLVBJR	#6B6MI#F	VRG#0Y8N	QEH8QE#4	DVPSA#6B	E#SS2Z#C
D#W8JKR0	NQSAZV#4	68JI#4K#	TVLZ6UW8	28S8CAVO	S##J0VVU
ZQ#UBIV2	DER#JG#Y	Z#EK4Z8T	XUVE06TE	#JA#EB#C	QHZF8#6V
VSLZQI#D	E2NS#LU#	G#D6YUSG	IEBQ#8PE	8ZQ822QS	LIB6R4#C
VXARKKUF	22MHSSHK	#A##FCMI	R8HTTGUY	6W#FM4T#	XK#UCPK8
#HNYIKT#	00RF#S#Q	KQGZL8HL	GKFPYTGE	R2FTKKLP	MBVDG#4Z
X4WLC#W#	RINT26FI	N#E8WGEB	IA6#RD#B	4WRZU6NM	GYSGX#4Q
PB6GP2VO	OKW#L#CX	8##HT#HR	##CNQBJK	KF8LPH#B	WNO#Q#IS
YYGUASTZ	G##Y##ED	JV#IA#DA	JHSLDI4W	QBGOPYIX	RCOX#DIQ
8HDHAY8Y	RLV2EDTD	4MDRCQYW	IIMR#NED	KF6V#QCV	B##FD#OU
OMMYCY06	#8#PZDSI	IN84HE0L	HPNF6AOU	6DIXM#GA	4#G#2C0X
AGSKUFLG	#M##6HVE	BTDRJQCD	#4UNW8UQ	UALUD#JG	4PPCQ###
GXW##SOJ	F28FLC#W	XPHLQU#U	Q#SVDAIP	HS#VY8#L	T#W#NGW#
GGZ#SNSE	BJS2KBCH	WCB08#EL	WDAL#RBA	D#X868#8	0LF##E#2
CMX6Q2PM	#PPV2P#J	88UG8AY0	#HDH8FD#	VC6##HCZ	#GBIE8WA
EPFUIRFS	#XG#8PSK	6B40BVSF	8QEBYRH6	ICS##KF4	J##QG#ZR
ULZBBO#8	CN6#P2GW	6#WU6EOJ	OMG2BI6F	#VN8GUTE	ZAZT0J4Y
KQUJ#OQ#	VOK#ZHX#	PPAC#H#Y	JWWNT6YD	H26NAGZO	HZYFZEA#
#OXMT##U	RJFJCCKY	6RB###YW	T80AY##N	NPWI6GEI	U#2TNQFC
#K#C#SQM	XX#MQWF#	JI#F#N#8	K#TQI8W8	S8VZ#YQ#	GWID2ZFC
X0##6QAY	JLCJX#AI	#0#SOBSD	HI#IDL4M	H0D00SMV	XE####YW
#MF6F#MN	#P#BYQG#	M##UFQXZ	#R#PN46L	2ZY0I#0C	#YJRQZRU
J2BJ4XPL	#EIHWHH2	XNSSDC8B	W2H#C##Y	AZ#EVF#C	6GVFLIK#
EJSMVPCE	#6#2#O6M	TF#XL4JC	LCMFWZPZ	PJZQHVI#	QTGN#INL
LDHLF8SE	QMF4LXVA	##0XNTTI	#RC80QQM	MC6DEMN8	VPG#WCSL
2DMZO#PF	GC64#KDM	U#OXSXXB	UZPMQK4D	8TL0KHJ#	#KTKG0GM
PDZB8E4U	ZXSYTJQL	JORAA24#	OVYEXJJQ	##P6N#NW	QFUJDPUT
WF804FE8	YYB6R6IM	NGABYBV2	JC88GBWV	6IDCOE#G	W#J#WLC6
B#A00M#X	OJIENAF#	0#CZW0LL	ST#U4YAZ	8MMUC###	I4AI0C8#
XUIP2FYW	TXANEUNL	YPXT8OZT	BJCYPO##	IR#FB##G	UH8DBGKH
#WB#W0F2	#A0K#ZPP	YSJ4QAAC	#QI0KSJI	JA0##X#N	ZL6YDT6#
XODHKINE	QKGZCSXR	VDVGR4YV	#J#0D#2X	Z#2#TCWT	REPDBR8O
6WRVDIM#	0HH2WSEO	ZP0ZPKMM	XZLGELFM	8HB#YZG8	AEN#GT#0
NJZFMOF6	BD#AWQ#H	BWP##R6#	0#2MV8AH	KJ#PQMSE	USIUWGJC
ZME#8#QD	2JXCBJUQ	##O#KSIE	XPGIXM#X	XK6I#MSA	NPBOVIIT
V6#JDE##	R#TY#BWR	#K#R6TSF	CAZEXQZB	JHFB#8RN	YL8VGEEM
HB#Z6#S#	##R6FOM#	DYZOSO#K	4R#GAHCC	L#A#GJJ0	IDFQRI8L
NLVSOZ#P	B#O4DINO	#JQH4J#0	#WNFZ0NV	E#SXBA#O	O6X4SRBS
SL#6RDVQ	RCYPY#DE	MUEW#O#F	EN00AF6P	AVB0Y#4L	#WD2F#6D
G20WQ8O#	6T#4F#T4	IGV##4#U	MULMQ8RG	KSCH#PES	#DTAWNHP
##GN8UGL	B#8ZKTTC	#Y#S2QO#	#FLZX#4F	JNLWYZ0C	WD##D#M#
H8RGYWMI	TS8ZP0XC	0KCQERMF	K#KLG#QW	#WPHZV26	#FHQUN#K
8WZSFWAN	DOYIDGTG	HEOXR#8L	NM4CM#XZ	IQI#F2RP	U0RKBAYA
YZAH6M##	FOWDUJOY	HNV#0OVV	##APX#TF	0N6#RYSR	OM4XHXLT
N0YBVHEY	KQ4P0IWR	HRSXSJYL	#W2RVTH#	OAUFNAAD	Z0SJQH#E
T#26#QZ#	ID2MV2F8	ERHECNB0	6#NPUWEW	C#JRJY#W	K2W6IEJT
INNEW4ZY	6#A#MBX8	NEFMJEDY	#ZTQYDB#	8XEYOPSV	DNE8GYIJ
A4AX#EX4	P6QCY#TH	P2XS#BKY	IQ6EEJ2V	4EQW#T##	IBBFUPRX
Q4IC#ZDZ	AJ8BZUOQ	PE#OA2S#	QM###DTG	HTYU##HF	T##WDF#G
O#UTEZJC	GRRFA0G6	ABWGME#0	W84O##VT	2VIR8AU#	EA4BVY#P
F8CD0#GU	EWW4H#L#	O8H0#WM#	JU#0PELT	4REAWYZV	K6G#UZ#H
#WVM0K0N	NQZNK64U	##WDF20A	#T2LLBA#	#6VKDZIV	YYCXR020
JGUQOR0N	Q##4SH0#	QES0MWQR	NAK#YQ6K	V8FUPCJL	#XRWCR2T
06S2L0YU	VYZOHK#V	8MLBI#D#	SKIXNP2#	XKT6GWU2	HLNZVFDT
6XS#W#VH	FZIJDQ02	NHI6B0ZF	Z#G4QKAN	8WIYGYMQ	0XEM#8AN
#ROOH6#P	IDN#BQKL	#J4H80RW	#RSJXD#4	#TF4BFGD	SPSF4VEO
R4WJ4CHR	JUHKATN#	YZ8#QEDE	FEJEHDJR	#DIU4O#4	NI##X2UB
XMOJI#DR	866#CG#X	ZMOH26EY	N#L#MJC6	Q2X0N6BG	UY2PJ4QV
0THH6RPF	UY68LIRP	E#2N#BLW	HSENKT#W	#2WVF2DU	W8T#AJ#E
JZIXW#LE	2SBR##80	LHFDKEIS	J2#CS8EV	W##VTD#6	#JLEQ#I4
MNULW###	LYFRFWRZ	F#MQEPE#	BYRZ8EEO	JXIAS8J#	4X84N#6B
JUFZ#0W2	#H26GO24	W#D8#XDS	0DA#J##J	SXTVYHEQ	#06#VHJU
S#8NJGCU	#FXBMIB6	QRLAQS#M	MV2#JHAM	J###HPIK	O#U#YFGZ
#N##TD8E	FPKYXWGX	WJFIOM#I	M##G6N#8	BWQLQ#SM	HHPUU#IK
NRN6L#J8	RO0RZNE0	EU##VDIN	0SHX0#XM	#GO#UPD#	QIZ#A08#
HQXGHPSR	PJ##R8Y#	6ICV#EUH	MVC##PNS	MOGALRF#	GTME#EJO
XSYCBW4I	#8X#FYVZ	N4XHQT##	F#LOOH6U	OA##QW0G	XS#C8SHV
FEINQMTH	6SJQACRS	#NTX0#GY	M#BE#4EW	0MXR##F6	ZPM#TCPO
8#CZC8#G	SQS#2ZTR	QUK#W##S	YG#ILJYQ	GFWV##OK	6UOKDNZG
M#XIFME0	MLS#HTQ4	#WTGG2BB	T4DC#AHU	VRHM8VC6	VOUOUJN8
WPSFTEPN	#J##RK0T	#UE#2EO4	EOUADJCS	6#0MSZIB	Z0KT#RQH
ST4#GH#H	4DT0IH0#	Q#P#OZTH	VCZZKASK	CN2L##LF	I4NFQRD0
JREVA#BR	PDOVU0#R	T#BMSZ8M	ULXVB6WG	USQVMGC#	Q6L8IOEY
X8ECXS4V	MFHBUH#Q	N4CYQRC#	6OT02##4	UQITOJC2	AFXJUIHP
#XEK##ZH	CRMDEE4H	##NELPT#	SHZW6#FC	PXFBNFG#	ZU6K4M#4
CMWGW0VB	YX#DB#8R	#VHCV2IO	NL60XL#H	#WUOZRC6	MGHFNYBJ
X#AZKH#D	#2HYWQS#	CCEED#UA	ZYBB6QWM	LA##VK6J	BBXZGZBG
N8RYTKF#	#WPSE2FG	LG#CHLJB	HPV#YIEI	XBISVVP#	0M6BHERS
##JADO#R	OYZOZJOI	TIP4MOH0	RV#N48#N	XHVI8I#0	LD#KJ4RQ
C8GTQ0V#	PIM#WO0H	GVFQF44#	#EOFDDDM	MZDFFJZC	6R#HKHA#
#6AO82E#	K#6KPDRU	A8##ZUEI	M##4#IN4	SZCNWK#R	WP20EA#8
ZKVXRY#V	KL6NCOKL	#6ZCW4XP	AISRJPIG	QZH#Q2HD	AS#FM0E#
SBLLV8HS	VTIGGPIE	EM#DA8DN	MDJ2F#PW	#GHX#4JH	TS2BCSLO
2GJ#A64G	6OBVA#CV	MZ4QBGP#	20RLTBQY	#P0L#M#R	MJQL#PYA
#LMLULCY	VSQD#4XJ	#SGIAH0E	SEAZ4Y#Q	PNBCX#GC	V#AY#0#Q
VHPLRZFM	#L#GL##A	0A#NPGCY	8#VVUGOQ	TB8#BK2Q	#OD2KZVE
84#0G4GO	DARUVCOM	0F#YTG#E	#COM#R2Y	KEHW#04O	###FOJJ#
AKKHJXOC	X6KRBFJ8	SR#YDG2M	N#FB#P6N	JAH8V0JG	W##ZXF#0
ZVPT2EOG	ZK08SK6W	SYO2B#GB	0EH8RYI#	MSNLDDKB	GMSJR#6D
AY4MFYZW	O8NFUZ#U	F6FXWMPX	4HF#ZO8D	#KVRF6VK	2JRZZNAU
2#42QVN4	XJ8PLT#V	E8TWOFGX	C#D2#U#R	XIGRBY28	##IZAGSL
SH4XM6RE	NAI4L#8Z	C8UGZFCR	0O62CUFW	CHX#OP0D	4J022MO8
QG28#2UU	FKN#E#GA	C2W6OVYC	0M8IV0IW	##UYE08N	##8KUK#P
6SIJJ#DJ	E#BV8EQ0	#4ZQ#4ZZ	CJ2V#0#X	MLG#IPCG	BAED#LJY
FUNT#Z84	4DC20MBI	PNEOC8I0	LDUU64GC	ZJVXH#4Y	OG#HB#XC
QDJMRJ#G	DOIJLMKF	Q42TNUNO	MIUJBTUP	OW#AO##M	#8DLLPRI
MEM4JUGQ	0WTYDF#P	UPKFGLNX	H0MO#4WX	MVX0KQXA	ZQ#KOHKF
A##H6QV8	2MVKMAG#	OU#08TRB	CZHNAZ2W	4PAJF00#	#8WKHQKX
Q0AIS#NP	JT6O#DDT	8#CIEPPK	#OYBFRY#	NPJGSDAL	ADKML#D6
M4VE#Y6U	W#QCEBQV	SY6####O	V0#NFM6N	EWGFX4XJ	2Z8EZEBZ
N#D#JC4I	4E#CQ#MV	#8ARAZF2	##C#WWAP	LR##IJ#Y	KUDRO84N
T#PBTDSW	HU46#WXM	NELLT##G	8OI4M#LS	YPZUSVE#	VBZVIARW
YZVVUHQ#	B#KKRP##	#USSHGXY	GJWU#LZ#	###VQB2S	UK6T4K##
UUDUCSWI	4#JFREJC	0BB0KVZ#	IJIRVPTO	TXQ#MF#Q	8PLOYYT#
SR#A8UQO	NTKQ8M#R	S0#GDKTG	#TVFA2J6	DT68VRNY	FZ#V8ZCC
KB0EIYOD	M#BWAUMC	OHTPH#0#	HN06G##T	M#C#DHN4	UAFWS0OD
D#S#NE2Y	U#IOES8F	4KZ#DH#Z	TSCQ#MVD	RV##IQ#J	L#0L4X##
SA8COH4E	6YRO6P6S	CFE80QAQ	6RJ#T##S	RUJ4F2I6	4QE#MVQ0
DHEG2##Z	YJENON##	NUIY#M0M	GCA8##XG	WBT#4BVU	2J2##Y2Q
HCLR0QTN	N2FVTQA#	NQ8WW##O	QOAHU#H#	2XY2NQAR	GLWJJDRE
#G#K##GL	4#IWSPXD	06LVLEH0	DSVY#MMX	X4H0BCTI	IPT4L02P
HF#ABMFB	OUUTBMS6	X#6C#YQ#	ALUVRNKH	4LAON#TL	##SQM0TL
D###T6FT	T2ARVXQG	VPR#HX6#	Y6HM0LBE	OA6YVP4B	LT#J6#KD
Z#DOD#6I	VLC#OXLA	8HYCFAQS	VL0Y#K#W	6Q##Q2VZ	LDMDEAD0
N###H0OE	SB#PKP4A	DJMHS6##	#EURQTGN	BKXV8#ME	NTC#XSU#
Y#PFY#QJ	IXD2ZEA#	N#XLSPZ#	BVREO0IG	MYN6#KMW	8FN###VZ
W#A4XLDJ	W#KW0MO#	RZOJEKS8	I0MKWUIS	POACS#AX	STHT#2B#
#T#H#6DX	CCUUM##8	VI#OZ#Z#	NV#XR#B#	LRV##XWE	WOT6DAKH
SJAGYPAH	VTU4OT0R	I##LE8G8	O06OGHJQ	DZANP4L#	Q#WVH2Y6
XEM#DG0N	MEVKIYDT	CZUC4FCZ	8U0W2LNK	MCMZYLDJ	UDQFSHVX
N##NWK8F	CP#A0LTW	PVXH8FER	WLNO2GU#	LTO4YKAI	#FLEYVIV
VRNUIUG#	AQU#LYEZ	CVH0ZZ2V	Z2CUOX8#	I#PKSCGN	Z8S0TO#X
W08SZE#N	NIRGLSBO	WT#X#YY#	DYEL4PNF	P#J4CVJA	FBWFKI2R
V4KGL#E#	#LH4YXVI	J#P6#2P#	2MXP#BAG	#KE0SV#J	RIDMF4ND
2L4J2JBM	GH0JY##P	R2Y#JECL	GDAE6B##	SL#MX##M	4WRI#KWM
UYRAOQET	6T8DXAY0	D##6R860	#PSIH28B	D#W#IJKX	BEEGWXCK
6#2CK#IJ	JHSUYBKV	SH2GFDZO	EM#HLY##	PD#DTKZH	S#YYYSO2
WV4BX#YA	C#JJVR0#	J2XE62NE	OFE#DCPY	VY0#VLBE	BLFO#TBY
DISBF#JF	GS2HG#G#	TI4X#TM0	RKZW#M0L	VK68YLHQ	428#IGK0
O##MM#JC	C2ZC6CT#	#O##Y6ZQ	#S#N#SBE	VY#WE28J	K0HZKIHK
RDA8BMHU	FSD6BUCS	HR6#F#IK	ZP2VLKNS	Y##OSALU	4X26DQAC
ATE#I#WV	BMGER#PR	#KZWW#OS	UD8N420F	AMYBTECG	2JNJQ0RS
RAF4#FUE	D4P##8#2	BX#GQ0BK	CZEDZGJ#	#URXZX#T	#0LGW0U#
#YHZA6EJ	MWQ0DQZ0	W#WPUG#P	RT8RB4MR	#ZF6IAEZ	IDRZGRWS
LSEKJ0AI	OO#HZ#OV	0WB2ZB0B	SA##6PS#	AWJIWH4#	4C#R8TQB
KNQ26QHS	BJ#MV44#	LN4QRW4H	GI2C#EVO	MM#VB2ZM	6WPOVQ6X
P#VMJ#XO	DRZFGUDT	PZ#WE6UW	KT#F#V8Y	J#UPBTU#	Q#KNAYS8
#AW#RFKP	TL2FTODQ	8UQ#GRIT	B8O2WXO#	OR0SFYA4	B080ZMUM
YV24FKQV	JBURD8#N	KV6EL8#C	FZT8#6#V	NM62#XD2	YBT#8LWX
M6L#O#M2	FB0VGAGJ	EV0L#S#D	6YVO2L#4	2N6JEAS0	#YV#VD#Z
#EO#MDJV	DWXAFZ4I	XSVIGWEQ	QNBJA6VN	YBZTNAJM	HTVIVXXE
8Z4NPFBX	LRUYKU#K	SCLJSL2O	XR2#LAFP	LXNT#EVV	PNT#IZNO
NXIFH#GW	R4QP#VQI	C#X8XSFY	4EUFJOZ#	YCZ#ZDN4	PD#RZ#S0
#QEAVNJB	CBLAFIF4	KISH##KD	ITWNZBBX	T6WFM44Y	SYMZCHLN
4CRPOGOB	0K2ZV42B	F#YC0UXV	KH##F#NY	0TF####U	ZT##XSE#
AKKPGY0R	#R2CA4ZF	#WU2XTMK	QCDV2WZI	#JNC6F##	ENV6HIMJ
R##RRPUO	KBMPY2J8	IX#UEK8R	4FVQ6MHV	DVICN#SF	SV#8DCGU
MEA#L4ND	OC0#JVYJ	HBJR#B#W	BJ0MT68L	GVCCYEPZ	##VBWZ0X
6#4##CXU	MXR6B6PE	OPCL#XAM	MMM#N60#	JNCW#V4T	DCRZ#A#2
#A2##480	Y#CTSKR4	2#KJK8#S	O#JD#VIS	B#Z#RPQ4	#OMOVWMM
E#6#APN4	ETYI4P#V	RHP4U#GS	6DQGV8JP	ZHFUWGDY	W#8#KF2Q
B###XFT2	QVP0R##A	K#Q2YOZU	AU0UWYHP	SNS#FEK#	4U#B##JP
AV#OJO#S	A#CDG###	#YLMO4G#	2#S#UHBZ	NGLX#QEE	O6U0OLYS
OPA6#BND	6FD8SY##	SP8M#B06	HHXK#IWZ	600RYMAI	ZRHJ00KF
#GUYYBUT	P#FYE2EB	#PMCENME	N4CNFAR#	J#E6HU8S	BWGLVGJL
PHTIB#B2	R#NIII#R	L#P##NR6	T8RPIJWP	M4X4XL#J	QWYV88RH
CJGG#PZX	Y#LBZ#V#	###RUR8R	ZW#Y#PJN	YFO#UEDA	#CMWYHWQ
REC#W0#A	YJIZWJCX	CUYWYWV6	#A#OO88N	88DNIQZV	NOMHENZO
#D#ZIJUF	4XDAAIEH	RQLU#MTY	2##6CW##	W#D4D#0#	JOZDHY0X
2BM#WGMY	DCR#NVGH	N6PD#024	I#HJJAON	WBUJR#TO	GOHUBC6O
MQW6#BAS	K0UHYIC4	KZKT4VWE	#QQ#CAMS	PY4FSMEN	O82VUL0O
WUOEZ8VS	PDF#FNNG	MPSS#WY6	GELNBHBS	S#2KVRQ2	QWEBRG2C
KC#NE2EI	#V#4MOXD	RHZOB4FV	NLGLB#GI	W4VBUEZB	4GPORBW#
8##Y6EJ4	GK#0A06R	VRGW4GT#	TUCG#VLE	T##2P0#Z	OWTJ#PUZ
WL#QIDG2	CSB#IV#T	G##6MJUR	2O#EO#AL	A#KG#IKY	8Q4IN##D
K#O#YPEC	IAM#UN#U	4#KF#XGB	W#ON#SV#	KMFX#FZH	O4G0DR#F
AEEHIQID	Y#AZ8##R	##BQI6WW	#HZPOMBE	EIIPGYV#	E#US##8W
2D#R0R#K	8LG240MB	#Z###Y0F	K2VWXP#V	0ZQ#PSDS	OYSV#FLH
J#46#NQS	XAKRXE##	DXEIDFWZ	I8LE#0UZ	Z#JZGPMC	Q8WMBSAY
XI#OXW0O	IG8#PCPN	EGBQIMFG	#P#E#J6D	P#RZS#4L	KH0MPTCN
SKJK6G#Q	C0F4MM68	UOTR#Y0A	EY0TMQ4E	U#E#A##H	STD4#A8B
#A2JPIT4	IY#PUAEB	FPV#Z6WW	FCURP#TK	YQV#JXDS	AN#T40EV
0D2VOB##	J0BEBI#0	8#UVAOKF	8XFYFYE#	JHY###6Z	REWX6SW0
LEH#GVX#	UNU0F#2B	6Z4UNC4M	R0EZLM#Q	LUO#RQCG	BD8LR#KU
4DDUF8K2	M#RFEKJ#	002DX0#S	G08M#DQA	M#MR##VA	C28IK#LR
ZDNCK##U	Z#KYFFNT	#VG#JZ0I	U8#N#HV2	ZOKQM#FW	O#2OC#BI
TXVSTDU2	2CHXYWBJ	RFHVN2FD	N8#J8#LK	8FKKK2UX	4XNKKYRC
06Q0STWH	HAR8A#BA	#0L#0J#Z	H#KVAPWS	4Y88XRNR	AU#O8Q8#
OAU#S#8B	TWC2#ZLT	GJQAX6K8	RD#NYS#Y	QAJ2WWBN	JP2NEWZ0
R0S#MCIV	IL2EHN4Z	TB#CZMOF	WYE#SHVX	TNU#SQCH	LIB#EFFC
Q0NQT#Z#	K8MIYKSO	#VL#B#KR	JUXVSY6#	PKUCKMM#	QW4DKYJ2
E##YQ#LZ	K##XRDQ#	NV0DZ4ZC	YEPRI##Y	#Y8DVOHX	B#4#MLJX
#VF0J#AM	J#F#GJ#J	NZL#V0OR	YQ#ABW2#	FOS42RLM	SKEZP4R4
Y8K464DJ	QAH6#0J#	DI2BBHXW	GGC4C#H8	HMXVKJSY	PCRPU8SP
#N#OZASZ	E#UZRLLG	SULQJD6G	2PF8I#0V	Y04#E4A#	VQ#2LVUF
KXR#O#RI	JX#Q4TPY	UBVVTW4L	CLZLAMWQ	##UQIC6I	PYVMNCC0
2YEHLQBL	VU#EOQ4P	AW#NIFMV	NEAE#MRC	#RP22T0E	0##QC##N
R6#BPYEH	P0EDYM42	Z8#WLUZF	MIHYZMGB	KKJZ6ELM	4D##844D
#AM##BYD	QW#NBH#D	ZP4C6AXE	B#JDS8FM	CBCP6VFP	JU2AMR#R
#JFT4B8J	L#Y##FAF	AYHMRQ#Z	EMWZTQWD	EPGU0OO6	6XQJIIJ#
#YWDKJR#	IA6CJREO	HPFMHOS0	FR00XTYO	#VD2D#ON	Y4DAFCOY
6LDTPAGF	##IJKYM0	NSYUE0GE	JZYU2NNB	#JG#DPUE	DZJ##D2W
D6U#Z#8T	W#ZNA#KF	HVHP66EM	TKKGIS42	#CWVW#2X	2HVZF6RB
TS#S#YRY	#MKBMP4B	O2HJ6UUU	TGBUFGCR	8PGZC#YD	P#DSEKW6
AU0YFVY4	KNAO6BJA	GXIKR#YU	MK#2NV8N	IH2M#G#4	PK6VVL#R
WO2W4#T2	#KQQUFXV	QAZSJIYB	CV#K8KPZ	LX#6#6LM	OYS#U#JA
PCXJOE2I	8J8Z#PMU	YV#L#YIM	BEELA6WQ	#BQGB#XF	Y#N84FEH
WOYE#FNM	QBPDLSUS	OFC##SUS	LZ06##8T	RXY#2HMB	0EQXP##M
ZQC4CKLQ	HX##N#2I	B#6VDKIL	CHQNWLZ#	D6Y#RN2A	6O#PFC0M
W#UB6DY6	RC2DHHVY	CE#MEJTY	BCZNWTYO	DNU##6T8	QS#2VPXT
UDHQ#W2S	V#I4IWB#	##TRNG0Z	FWY6CSIC	PU#SJSEP	4AK#UCCN
HCKD#0H0	TSRWJIO8	KFLX#WIJ	4WNJLGHW	A#VCSFKZ	DONJWWSO
PCZHKD#B	JMZXZXAI	LE4Y0Y##	64CO#QNP	YAR#J0F6	X0PGI0FQ
MZ6ZUCWP	Q6F6Q#TM	##XRDB2K	SA6#GU#Y	NNSFO8RQ	#EWZVJMM
MLDJIZ0B	4ZXADF24	BA6#OVYV	IMZJLQO8	6JYDCX2#	4DVNR4NO
864BOF4#	L4XOCRGE	V#K#Q6Z8	UR4D#TO2	G0UHG#E#	0#YWSSP#
#4ML06#V	H40XVWHC	8QPSHXF0	SSI#L4NT	Z##AHZTJ	J##MUX##
RALDDSIT	EAP4I#L6	MQ#EZKFU	QOWDAJGC	04O#QVMO	MLXC8EMR
WAN04LQV	#TRMT8BO	L#0GMM2#	WK6TZC##	KPU#KJB#	#BT4TOLN
WRXZN6WU	MA#UITDD	PGRM80XW	QEUM#HNI	Y#ICQSBF	REOXSW#U
#QOMXYA4	KKXGNTIY	#PQ6TXI8	KZ##24#V	TG#FS##2	0T#XR#8E
XJA#TBVP	LH#YTET#	0TL6ZCKE	#T#IVOOU	PPWZNQHF	GL#ZQAZT
VWTLTPIF	#D0QNCD#	#DIQFHED	Y#SOW#T8	#UUQQULS	FUK#JN#M
E#2#P#M#	#VTQ2L#W	#U#P#C#G	ZVW#QTWO	GNJ#W6LY	ULC##F0I
F##6#ADN	#GSZM6LQ	MG22NTUN	M#NHYX#W	ELF#VFRF	JDQC6#GY
8S#MWD#R	QU2R8BAZ	EA#06IZ0	Y#B0OSMK	RQO6KIUR	JI04H0IM
X64S8BNM	OPF24VYA	#S#6VHGA	YSKWUWL#	VSLC2MGN	V#MQ#4XZ
G2IIZ0FS	SINM#WIL	HNYUIPJF	F#SKJNBK	CZT#J#H8	JVX40RYF
EUH4HNSY	F8UCS#FC	VFKCIRK0	O4UZXJI#	JHFOFXRI	D#PGN#6H
0JTRIKCK	4TLWPCCT	EGMBF2S2	#V#KFA#G	M#HCQNMC	4K#WKITM
I8KNH#AW	YR8CV#TJ	EC#D#ZY#	IFCODWMB	0N2G#MJE	4#CX##AN
U#QHKNP8	4JOFV48A	#UDNSC4Z	2YG0GAO#	###0IKTR	NOX#GX#2
GY8ZOV2F	##QKA2SQ	HK0OZQ##	0B8BFE8K	ABZS8UPP	8Q4FXY#8
HW#W#2YQ	JXU#IM#6	LYXYU#LA	EWFKB2ZK	#APFC#TN	#WXDTYLP
4T68M#0X	GABS4PG#	B2#MH#XI	G#NNFGTH	AQ#WUBQI	#B#XF#TI
6BF#BET#	IOAN#Q#F	YLIO##X#	NLM#NXHP	YJXM8J##	WQM#8DL#
LYS#M#KC	2EGO2040	SHXAJ6Z8	0O#2XXSY	BIS42EX0	X0#8#4GF
UC4RA#WT	AZQ6#UP8	UX6W#HNO	PCTZAILN	CPSDL##8	#FTHYVMQ
PSUZZO#O	E#MSIO#2	VJA8KMG#	OHN4MFKY	XIRK288C	0D#2LXM0
M6ZA#DCE	TEDK##X#	0VMKL#E2	XUMK2KFE	CGF2##G#	#Q#WKKK#
Y6#IO8##	MJK#T##C	DHPNVCMO	TLGDLC4P	2YN#EPNF	#U##GV#C
QMXX0#JC	U4U#LIEQ	TO#GNZOK	###QCKM4	#2V#E6ZF	R#WGI##L
VPIPBT#N	8O8TEESM	#EUXVKBF	Q2#F#FHS	PPI#V#SG	ZH##VNTB
X4#XYKGE	PWED##0W	#HY#RRBJ	SQJFRGJO	B2XLTXZJ	RMRZFW##
NGF2G#OH	WH00JARY	FB0QLF#D	#TWKRPWK	6Q4J#TMH	#VSV#TEX
UAEWCB#N	VPXU##OH	#L8J#AFK	#4BWM4ZM	0L#VCCE#	QPFAJZJN
TKOHCMUZ	Q8NSKABO	R2PB#QDJ	HUWM0P0H	C2L#JLU#	RDUP###D
MREGPHXD	P#6OWEJZ	VXV#OKT#	4X#GSSL#	4#STAXUG	EO0R8QGI
JN4VMZE4	UBFVE28Y	IIHA#JV#	##OYNINQ	IVXECQ#0	P6QLMVI6
M2MAA04#	ZFTR#0##	6QACLCLM	L#PL8ZI6	QG#LRM4R	#XSQSWPF
VDY2L###	XI2LK686	ZVFBB4DE	GEDV#WB#	G0EFSM#U	2#6X0XMW
#W8B8DFE	8#VOJS#G	Q2W#XJAP	C6#OQMWS	VZ#GP06O	8#HY0#H2
XICCNT2E	H#P8AG#J	ETGN##CY	WDOBTUI4	XJ4NC4KY	VXUXSU#Z
BQXWGJPM	##MEF#XD	ZW4IE2GM	XMUO0EI2	Q#WMV#MB	HOI0XBD#
XJ6##SLQ	A0#O8YNO	UIFCDF#Q	HV#O#0#N	6#PEGEAS	Y##RP2#T
N#W#AP##	JIQ6MUYI	H#YXU#68	MHFXGF#I	4#A#LBVS	NYW8#8YT
NQ2KS#FK	CKKXPF##	BYJQ#WJ8	8H#SS#HL	MW#A0B8A	HRBYJRQ#
#KJKNSSJ	L2ZHDMES	YMY6AJAC	W8O#J6AB	UXIAUJAX	C#XPM#RB
EEAMY#F0	WXZGJV4V	MKIIOJEC	#MIHIULS	6P2C#BQW	FPAMPPY8
#KE#0KTM	WWD6BM2X	TMTC2DUZ	YI6M6FLL	OLD#CKP#	WG#A#TBP
N#2#RJ#I	###OAU#A	YBB##NG#	#Q2VODPU	N2LTG0V#	#WH#I4GL
DBG6HEOI	U4AZ#XHS	6#8YBJCS	N####LJS	4Q2SNH#V	O8N2DP#U
HF8FU#JO	YK8M##WY	FO#MPQCG	IT##0#G8	#BROGJKX	H8FBF2RR
#NXLCIYV	PA0FURL#	2X#6DLY0	6S#R#VSF	PFU##P#I	#H#Z6QQM
4##NHR#W	Y2VNIWX8	IPA#LERR	48B#CXDC	PNMYN8ZP	AKXHENE4
RFW08YGG	0#GHVCXN	J2LUTPLW	#BH4OL#P	HJ##E2SY	6R#6T0CL
I#OK2L#R	26ZSVYYU	##ITDJBS	#SRSE#4G	T6PPO#8H	H#GN00WO
4#J#XDS0	EDA#BP0Q	PZN2###T	2#ROEKIW	R#GVADW#	#PJIHQE#
GRMPJV0X	BSA#VADX	B2PATD#V	4GLYEXKM	#OH##UU0	PVKRK#6E
0D4TQH##	#PASVO8U	Q#6#ZNSC	RKG2K4IT	CETN#J2R	BRJYOADL
QWJIT0WU	OFSLDOKJ	CQQ###2L	Q0I2JD2#	T6F2A2D8	4J#0P062
DDGQJU2Q	4LKNB2GB	#GAP8IC#	Q##LWYJR	HXOBSSC#	H6IMJP6#
UYVAQJF2	U#UTA#IZ	VJ6#ILVB	DRHYAOTY	AT2JRKDK	#V6YNST8
PGP#A#6N	NWBJYN#E	I8#2NXV8	DEHDI#R#	KI8WQQNT	OAG26HA#
S6#YPNY#	BULZA#X#	AD0#X##W	QW#N#WEV	PEWZJ8JR	ISYK4#KH
FC#I8##C	#2L4I4RI	DZ##CJGL	2GDZUC86	X60O2NNQ	P#HJSHQL
#U8ZM4A#	IAF#4D#2	#PY2#TI4	HNVN4W##	BJFHRU6N	O8EO#WTZ
C#RB0###	XF####ZJ	#WG#GK#T	BHO4##QR	HBV0#RVC	TPJGC#8N
CQ#R0M4J	O2TRVRSY	VLHKFJQ#	BYRQDREX	ZLHMUXAZ	GDBTL8C#
#P2RJV6#	6BI#JTGD	666T8A#A	#REVUUTB	INHM#B#R	UR#N##ZE
FCZZONQF	CIFZ0EYP	VE#QKJS2	X4R2A6O#	TBLZ#OR#	WE6WQLDL
V6O4FFTA	JPF6FRGH	##CJTYIT	DZ4H8S28	Q4XOIMNP	KAMUN#6V
KER###I8	#NJGK6BU	W68UMTH#	HI#4#FVC	#JLEP#BS	TS#WRFN6
0MQAHHLX	#M#HRWPG	A##6DRUS	ZNON#F2Z	OMK2THZA	BX6EU4#L
LYOR0QUM	DTY0MOYR	#V6#6BFH	0KMHVV#6	4ZR#8TI#	6TOL80#C
#C6XVJ#P	U62#YH6I	J2#H26O#	#Q#0TWSI	IRAJVUEX	VATGI4QZ
NKBWD0PI	UFRRR8UL	6XHKRD#P	WASJEQQ6	Q4FCBKW#	SJOGZFN#
GC#D68ND	BP#0#22V	BA8#TGC8	W4UUFD00	SPND64DB	ZYZFQVZT
GKKYWWGQ	CKBG#T#W	YR#IJXS#	QU8G#VKF	#VTPZRTS	JER#I82G
DN#6#AQJ	8IWU#M4W	4K8W0XGP	VOGNW#T4	RQVB0DNA	SP#KBQPH
#E#JW2##	0#EIRL2R	R##PUVMN	RALJH42X	VE0#ZQ##	PNJK#O##
PVSMTQ6#	UF4NCXQ4	R0HG48EX	MCL0GZTT	NE8O6QC4	W#RDMI8R
2#SHSF#M	ZD8OHZIF	MM#S#OSZ	CY8FMOSJ	IRZLDADJ	#0XAAM2L
XP#OQ##J	#TEMZXFM	FC##PUMC	AM##N8S#	#JVQX2ZE	8QQOHXH#
RTBC#WML	#OUU#AJ8	FKFIQS##	###6#F#S	E86CVTUQ	#W02#SYF
R#R##KU#	0CVIZTE4	N6#DUE#B	LLP#2WCE	X0RUPTMU	J#ER#MDX
NTFJ#H#F	XALLQFZ#	6NLUE#JS	GQZKDASY	#ZUAICPR	N#W0GPED
WBV#ZL6#	UD2F6L4Z	LICNH#S#	#FT40X6K	6S##8GXD	L#WCJENC
H#SGORV#	NHR8DIVS	NG#42AGW	IKUHW#W#	M4Y0Q#2V	QX6KOV0N
FUYLVIJY	SGDDK4#U	ILBWHZZD	EJADZ0SP	#4L###C#	YLX0SHA#
XS#6FBMY	8UDDXCN0	#U2Q0XQT	FS4LE#O6	K#M#AMA#	IE##IBW6
L#60JSHH	0Z4GQHSJ	2VJWX#O#	TPYQOVT#	YOA4O2#8	FTFA#GR6
6#XF0PF#	JWWFAT0J	QSQWXSVO	#NZGLSBG	N#VMHE4L	GZN8HPAR
4W#VXSCO	KY##TUKE	#V6CZT#A	KIX6L#QY	Q##I###V	AR##EXSW
R#QWXIDK	##Y#FKTW	#UQ6OPE2	WJY8VQ#2	KYWQVQWN	0TLARS#2
Y##KQA0U	OH22DXNN	UC##TQ#Q	0NF#XKC4	ELGYE#N#	#CZ#SP4D
4IOUU#6#	#FF#EK6C	QV#C#OX4	Y##WAPS0	XHGVBNUS	ZCCRE8HB
PJNRGDF4	HK60CR#T	IA2KQLJA	ICNS#8SW	#YXHXX#B	N6XY0CZE
66HDUVRB	#HQUU#ZR	#AW#GKF#	4#WRFS#8	#EREOK#4	#HGIG0Z#
VARK2#HI	0HUR22DI	4#UXAVP8	NRD#MN#E	ZBG20LYC	IXUJANA#
4#UPY#XL	#Y8AYR#G	Z#A#V0H0	NBBT#OZA	0FE4Z22X	D#8HEJEB
IQG6FVP0	VU#KIBI#	EQC6B#RN	C#PSV8TX	PN#2YV8B	IG#SJEDC
C24WAMH#	AC2#2A6C	RXBM#YJA	J6MD0HNI	QW#QB6KU	6EDWZBPV
UZ#4RR2P	#TQY4NMA	I#WAQA8S	X#F06FYR	YOKQZKZU	GGSVJTHK
#FCGQRMI	DSHWML2#	LIQUGW6#	CBLN#AV6	2U#HSM#Y	B8FJG000
LM4OXW#V	#NLUAF#R	FL0EV66G	IYL#S##A	QRQ0J#LQ	LS#DSBVG
ASBH#20#	0##KVQP#	#KH0M0NX	V#FWTHMY	LAOANGOK	W2MTDBGB
NX#X4HGI	GC6VPFZR	LK2HZXWP	JYCHRCEU	U6PDKI#N	O#I2ZHHK
MQRVPEKJ	RBDO#S#0	WI#F0LRE	0LC4KXWN	WSV8GKA0	I8#T#YOP
OTROXQIX	YSTLXVUM	8PT04##A	N#GJ4DMD	T6#NKUXY	#4PL8#VG
SUZ#XHEF	6#GMXUH8	#I##B#6Z	#R0X###H	DYRX6MV0	XHASXZC#
TOPRTGHQ	O#KXG#PB	WCF#8K##	K62HB#4#	8EG0#ECO	#4Z#RI#U
C#AXJXPP	TQYA#B#D	#VO426RX	X#DNB8JK	2NAJXRTZ	6B#0YH8X
FAM#MTPZ	XJ8WXV2C	#TP0V6FG	#OVEFV#R	Q#4Q#TY#	K2UGD#ZJ
KPLH#BRF	UGP#Q2EP	#A#A4Z8F	EL#YBDQY	808JQIFQ	WX#FYZFO
0##0P2RS	#LAYD#OB	DFYTB2M#	NDEIC2V2	N#R#XKBS	KC#LHWFM
FF2RZB#8	K#8N6SWH	BKIOASWD	0SFRL#DL	HS246PYF	P#DYADZP
68Y4GDP8	YK#GEBY6	QCY4PGD#	ETC0ND2B	MZE#L0CJ	XW#C#PQ2
GL2ISAB#	0AK8Q#EE	AZPP#F24	NKVP48##	URNSCZ6L	CQ0OIU#E
HJF#U#PC	P#KBB#HI	O#R4#4VI	J##MQ4DQ	K##HXOLW	FV#S4UAH
#X084MHK	VK#ZMIF#	#LCM#TT6	KF6#IF#G	A0I#8MOS	TP#K2#A2
SKNT6MIG	6HJJP#ID	V###HXU2	M8PNHB#F	#SZKA#OQ	YJ#A#ZB8
W#MU#MUC	8KMEOFBE	44VXJ#C#	UYTO2U2O	8JR00EOW	A##6UXEJ
4BF42P#G	AJE#OO#S	#YE4JA##	Q24VH#KT	AQGN66PX	O#FIGQTH
GLCEFB0Q	QG#G#HSM	EP#BKTFS	IJQR06#D	EYMV#NSO	A4#PXOIQ
82GO86D0	SRUEVK8N	N2YF2YTW	FUNGNS8D	L#NTFQWD	M#6D##H#
#0I#LL#R	S#VWA#EA	D2YB2##O	L##YM#X#	DLT###W6	YWXOMWDH
BY#YD#FO	GUNJCBKN	OXFXXCKK	SPSOE8KA	##RUHZJJ	W#H8YNYS
FLU6X8#4	KM##DC2G	AL8L#XSB	#HOUXKRP	YHIDYH6A	2TR6ICAL
HQ##R#GK	2KKC4JNS	F#RU#2OV	6URAY2WV	PKLRV#IH	HIWBGCCQ
C4ZEEB0J	QN6C4NMB	NERA0JAE	JFJQVYVP	VCFCG#Y#	84WEHONX
QS82JQK0	#C8I0FS#	GYXD#XQY	0#IJBWKN	Q#4HW#I0	VAWSJ6J0
PO#MBHRI	LCRQP##D	O2UT###G	OH6OIECP	8HZ##0A4	BZI##6MH
OJPRQU0N	0QW#0M4W	#CGAW6O2	JWYIQLCF	DFKAMS2W	BJDV##6#
6#UWIDUC	6EA2T#TK	XYQL8FK#	0R6QNDFC	YYXCI4JI	GD##6S2F
#SAH2UWD	MX#0B#J0	#XGKSHXI	0A62SQ4Q	WY#J8RUO	ZYVH4HEE
BDBF6QQG	FGI#2##P	848BBW8U	2#I#M8#Z	4#B8J4#X	#CHBECMR
OF8TWAKE	LH8NRRI#	G4CC8#V4	HW#4GVJG	M8##C#KA	#NYYJEMN
I#RZRC#S	L#ZITPJT	MEEPJ#F0	0TAZ#M2H	Z#JP2##I	JBFMD#CP
RV#S##UE	F6NCMI2K	#JZW#IEZ	BSHK4CZ#	AW8Y#JIS	NB#QZEI4
##YENN##	TJ##HG6Q	#OBZ8Z#Z	YPVWX#8R	ECEOUWNJ	JEPRXIAL
S##CS##X	L8BL#TU#	E#RSB#X4	T6KW#PBM	6NK#M#AK	Y#PG82BI
MYF4AK8Y	IBUIRVVV	Z#QOB4Q#	#XPNYV0C	A0#AYYDY	M#2MM6OC
PEHEV#4#	LCWFC#Q6	TN8KKNTJ	NIHPS#OW	KJ#KD##2	NWUI#BT0
AG2ZHP#P	LYRDCO8S	#YKYF6T0	B68#BD6I	FHKQ0#G4	FBOZY2#Y
64HZN#48	R6UHJIH2	#GQFFNOM	F#TOYNX#	RFK2TZXP	BUEEBH6K
R2F8EHG8	KVJDR2#H	HVSTXW8M	#ONAD#DE	CRIORY#N	8KSIM#KE
U4HTHKH#	UG8RHSV2	MNURRBG#	#Q0SMK##	ON4#D#QS	20DZRCHP
##2DWVN#	DPVNU0TZ	XXUKCV0#	JPP#Q2VK	0#C#L#YH	H#SHMMYH
#RT#FSKK	2ZVAZK#K	Y#K8G#4H	#H#Q#XSD	0KQXM#DJ	V6D0KAF#
#TM##WWR	CPH0VVMO	2L0TPNGC	IGGUG2#Z	OSCDSZJQ	2#0FFJLA
A#XKBSKB	LVCAKNS4	##6VZBRH	VAJB##NL	JA#CQ#WM	#P2M#ETV
#JWGEHJS	UNYPGFEG	MYVX6IBI	NI6Z4N6K	YFGB###M	ELI88NMM
22A#Y#SY	#0QH##ED	GPONRSDH	#IVSTUIA	#GJCSNUP	TYZEVVZD
#ZF#EMRH	CJAWJKEM	HT#UATRF	PFBGW#4P	#U0SPWVW	KHMZPAPL
HCRJB82F	8NNN#0SV	Z#2FSN4A	VUD#8RX6	FDHDLMIL	TCPU4L68
UP#8#I#Z	220ZZWT0	#8JTSON#	#J4SIA6A	AVV6D4OM	O6YML#DO
##KDPPZN	0MF0KORV	JM4YY8GU	TZ2#NKGS	#OW#8VHS	4#XKCWSS
2S#8IYHB	4#SXLMMV	DAA#XVW#	#QCC4ANW	0#NAVVHF	SPLHD44D
E4O8I4CS	FQZO8KFA	QBNORHPB	SASQMJ#U	MPTFSLP#	4EDQI2EN
#R#Y2#O#	8IOKQ2FR	RXR#IV#W	#RNREIPC	28GI0#TZ	##XEGQ66
#KOPGO#Y	DBZWFDQW	W6I#Y0MP	#U8KBALO	66LSFWGU	##DT#X#V
SV8EEDF#	D6JHB#TJ	SXGIRJOQ	YB4IYENH	SR4LTCYV	CW8UC#DJ
LRF#2FPS	WX4ZJL#W	F6RT224S	PGNQJ84U	R#S#PC#O	FI#EC4TD
#8PSNRSV	Z#Q0FF8P	#ZQTDIDY	FRFO##VF	K8XC#KVJ	O2DKUKDA
#QWJYUWJ	##THRNIA	###CF##R	2KQ4VSIO	VW4NRI8Q	R#EF8NH#
ZVH8YCSM	IYX6KNIJ	W8KD2R#0	U#ZMV4#O	ZHRSX2JS	#HXG284#
NN2CZ0#L	QGN#XT#G	MZTLOSF8	O#LG48SD	6CBDWHRV	NIN8DNZT
4RKCS#VA	SQ#OI6J#	#YWYBUJN	WMXO#4EH	I8ERI#YI	VJTL8#L4
ZS#OTEO2	#XRQP#06	KIWX#AV#	MTVIOROI	#MM#4U2C	R6F4#LWE
0RTR6UEK	A#XETWW#	ALNGFWU2	#OHS8GO#	#EPPJ#PL	OQM6K4PB
U4#RKERZ	QGZ#4#ZW	CIHHZ42Z	L#X64JP4	HEG#CVMW	EQT#Q#TV
GZPIY#VI	WK#LAS6G	CDS##2RN	S6WW2GZW	IXUXEOAQ	UXYASUF#
P2IUZBLP	DVRQ4L4#	#6ICVJI#	XJYPNCAA	BLMS##B6	GFBTZS#8
QIL4HAQD	OSB#8JT#	E0ZWZIE#	I0LSGBX#	2LCADQZE	US8J6#62
E#XD2KNN	LR#8PNE#	#B6TMN#T	0ITIYRZ#	FX#RW#FD	6QH#W6LJ
PYPPEK4H	2C#2M4LM	ZRGX8WDI	#YW0EMM#	6#H#0L0A	IQN#IAXU
FZ#SXNS0	#SK#0QEV	R#L06#YC	#PAM6#O#	K#BCXYFA	KSGM#WQP
BH#KSMG#	MOZ#QTZQ	TCRSDYJJ	0MS6CESI	KLJ#L6UR	#C4##4AR
QL8J600H	BAM##AJT	2ZQDZZVV	#I#BEBLK	#DN2PTRM	D2#SB2XG
GXL##H#N	F#V6M#FH	J#QHLCM2	##Y6ND#8	0TSCS8L#	YCDCY#L6
ARQTPRB#	TIR#I#AW	M#2JNAK0	6LMLFQHX	Z#PXP4Z#	QHWE#VOT
#UDXK4#8	HZ#2#0GE	KDN#4Z0#	#C#6###N	8QK0S6JS	2GXCHMWI
XY#Z#S64	FG6B6#2T	YKCKIUQ4	8XQT2OGL	CXA8#6ET	0UQT4XRC
POYGPR4#	EN2HNXCC	SIERNVGM	AS#ZTKNF	T2KYT#RL	ALKHWZSH
#J#NU2X6	W#JGMNM2	QZ80TVU6	E6I#JTJM	OW#QV#EG	RVW02#0K
FXBHUINK	O8UGMNEL	I#WVTDWI	MDFD#K4L	#4QCR4F#	TB#W6K#S
TL0#JL08	YG#IXDSW	MTWJ4B2S	N#DR8#QN	HAGDWAFO	8FLYY##P
BOUNEVNN	UPOO8KZ#	LP8WOU#6	YTPXQZVZ	PYTQH#VO	TR#TUFNB
#SJJU#RB	RLDUNWY4	BD#O##G#	RIBC#6ZF	VKRGLD#T	GFYO#XQJ
MZ#2#AGM	BGOZS2UX	6QK##AF#	#ANUKUW#	28WQ#KAM	UCHL8HUQ
PRZR6O#Z	PWQL#T#W	8DOMLLYM	K#4DGSD4	8EOHMDTB	IKEFLVEA
RLERDOQL	#IOADQTY	Z#JBLRG#	UHDXDFSX	0L##EPGQ	LUBZ4E#2
WVBUIH#U	RGW6RRVD	WG#8TDVN	4D8LFW8E	AIDTRSA2	LL#TWPGQ
6U#4R#H2	LTNCQ4ZP	#V#QI#XB	FX#ELMEM	PZEFV#DD	NGPCSSWB
XVAL#8TO	XX2ZLFDA	FBHIIYOY	0#GYBFB0	O2#6LYKF	#YBGS#QR
#BIFT6Z4	PUIJSN#S	#H20#R0I	PV4U#PN#	E6NA2AVI	CKJHL2VF
ZMERCF#X	DR#JM4XI	HLU#Z64C	K6#P4I2P	N8##2NUB	2EK#UKP#
6G84BJKR	OCRUZOLT	#CO2482K	#SVOCIL#	8U#GC86O	#JEAP#XZ
VP#O#I4T	4LTF##MT	#C48RRRZ	LS#JC8VM	4#WF0##F	#X26CKI0
RKG8#8NR	QTCYO22L	Q8E#K###	#Y##H06U	DESJ8WN2	2P#GNM#C
JWQ244W0	M#OA#YQ#	EZW#Y2#Y	WJ#GBPK#	6GOYGZ#X	62GB#IF#
#Y8G0THT	DVHB6#VO	ITXXUAKX	RB#BGU##	#W4L#N##	VF##A#0S
HN#TAJ#W	ZQ#K#G#W	JI4RUSLD	IK0#2H#K	G#8BXWGF	2XUQHKQQ
WCGXHPZQ	#XDMKOQC	#GHYLNMM	4MVN#6HB	W#4#PLCE	#J6#DNTN
ZGGM4#4D	##VI6MSY	GRHCK#E#	#LK#DSDY	CF2U84#R	8PSXC6QT
OCLH#PDQ	WVP4DWY6	B#0ZDP##	MIU#BNBE	KCM6OHDU	W#AVCOPI
SSPF#UWI	JZ6R6#PL	YJTPUDTJ	VU4#DU6Z	20XUW4GT	0DCZQ#QQ
T608MEYV	LN6#SNYP	MZN#0F8I	FFS8JGI#	AJJ#42A#	XXR4JJ6F
6ELW#ITX	48K#T#FB	DVMYRRRE	#G4#VRYH	YM#62RIM	YUVC8CPC
##S#LW##	#R#J6OA0	F#VQULVJ	E#PL4LCP	M8RKOVGX	#PZ4FLQ0
###MEAQ0	2W#RP6LB	FUZDYKY6	AHQ2DYPW	JSMNL6MQ	SR#JD2JR
JNE8#68T	#LFYE#NR	LQOFSC6N	2EH#RO2Z	LHTG#G0C	I#OF2PQK
KL608DYL	FY#K48V4	RY#GEV8W	K4DB#JYA	M#P4ZZ44	4ZAAGD6K
#D#40#U6	ZL2YQROE	TAHCL22Q	4FRS#ASK	8AJ4Z6JA	PS#TJF##
#0#XBDZQ	##W600RY	C#CLNY8S	E#RAZ4H#	IM2XP#QN	RONC8ZAN
#OY#62ZO	C#SW#E0R	HA6DPPA2	F#8UYTOP	QSG#AXMU	AWKIWJJE
UT84TV68	0PRBOMZX	H#HRXK2K	JSWBXGWT	6MU8KT8Z	AUZDM#NR
HSCHHBWI	DQYOVYUY	X8G#RSVY	Y#A#BKKM	#N#WNLMM	VL#J#0TD
Z446E#D0	0#GIB0SW	MDHSCOUS	#V##48HL	GV8C#QKB	BCJCYKW2
S8VXHP#6	RJ68N#EA	XLSQIO#G	JGFI#GTF	#XSF#2SR	KBO0A#IZ
2ESUMSXH	V#CHQQHH	E##P#YEF	FQK48XJ0	VGZ4C8#Z	RLB2RBYV
H00C2CVE	BCCZYW#2	SS4FAGYP	UNOMSBJ#	RKN0UN#6	82U0F#RY
OJYW64XX	#EUTQKIO	RRFDL6WC	UNXPWW6L	WQUKNWOY	W6BOOSAO
U4J8VY##	AODL8L6F	HR#6X##T	MCZT2YMR	QOGIMV##	SW2XM8YH
RTN4####	PMAFCY#Q	GBBQYCJ#	A4RZN82K	K#JSNQS#	XRGPYMHD
8#LTL4##	REH#EA#M	EVCJFCT4	#R##WVYV	VDW#KAZA	CCGZFDHE
KIK00##M	8HICLOL8	EVZK4OFX	S#C26BDD	VDU06KXR	#QL6#VZC
#AEN4E#C	PUMW8#XM	DWCYYA8Z	6CR2O2FC	VTKIKUH2	VOVBLK#Z
MG#GWYMW	SCVMSYNB	F#MKJQHX	60AYXW#Y	8H6K#DD4	O#86R4#I
B4JK#RY2	0#B0RE#P	KTP#NHK6	#6GG0SGD	GOCHN6OE	J0G4SGD2
Q#XHAWDW	6TALUKPG	60BPPRR0	2TZUQOIE	00OP#LXK	#6PCNLOP
CRLR0XZR	A#QMDBXZ	JF4##GIT	JVGD8ZJ#	V#LTBFMZ	SAOK6EL#
UL480JZP	T#EM2OTD	#J#NLLIO	4Q6RXPIY	CZAVWK#B	OG60FY0U
IYEDWYJG	R#E#EZWC	##CWRWQ#	K2BUUPFM	MZ#QE#TI	#VLACCH#
2WJCSD62	Y60NSA#K	#QH#HX#A	HJR646QG	#MVSR#PG	4MN#BLGV
GUXL8SJP	J0V4QXE6	KA4V6CVM	OBIYO46G	QA2Z42#8	QW#OLVOL
##EJ#8FG	S#XXDUDZ	DQG4AW##	DAXDU#SH	#WXYU##O	Y#BEE##L
MV#A6HVG	YFYW4#K8	#GNFD6NS	#QEUMWQS	FKDX4F#O	GFC20WM#
II##YLX#	#TIALGTV	KKYK26L#	#TP##HVC	VK6####V	#K286BLX
4#U#WX#G	PZ##DBF6	YXLML#40	6##NW#PD	Q6#TW26K	SOBG6KCH
QFLQN66V	GIO#YLKX	SZTRMXOD	IK#RLECK	T6#CRHRU	24RR##XT
ARSE8F#G	OEKQ4HS4	#R#PSRJJ	0LGCD88Y	PXJEUEY4	JRFQQ88B
0F6G#ZKV	CEAN##LC	6XJ0HN#C	#HDF#BBL	AW#H##SR	MLMY#4UD
LJX#LXGD	T#DWP62L	J##MJ#GZ	ZGSEUZ2L	PYT8I##Q	D0D#BZV2
U0N6ZJRB	#IOU#RU#	D2I#UVKC	I4AWE44J	XR4YTV6Z	EXBAR#Y4
XTZE8DO0	2#N#OBPL	ISX#MTI#	IRZ8AU8A	QZIEUSAH	AR##G6IH
H#HJTJKR	OIQJG62#	PCP6FNPZ	#V0B#WL6	VI0WF0UJ	FC4OWMP#
#6UKSXE#	LF4JPE2Q	GUYHPBOT	4#H#OEAO	#UI#UJG#	YPYBS#XB
JGEGOR8D	BE#G44RG	BQ8WC8#0	OKLA#FJQ	H6TVWD#6	ELH#4O#E
#4UI#SG#	RAGE##R#	C8XRGK#L	NG#ZS#42	2W##DYQR	YMCYPFOJ
J#XJV2MH	M#DRQDXJ	D8TVXDLC	SGRFKNZ6	U#V4JQEH	#AITEAP#
VRNQ#UPO	OUOYWA6G	ZKQMD#2V	P082#I#E	#6U#NVGM	2KBJSUL#
#SUUFT#W	FAF2HRV4	N#KQDMFF	L#D80KNX	64L#0CCZ	E#2VWMIZ
BW#OIWUQ	TCZN24A#	6FIR6#HK	6S#MAZ#J	LEACN22#	#GUS#4IE
BJ66X6BY	BCFN88IB	2F84Q84D	WBNHJWR#	2OZNJRJR	P##H66#0
EYR#S0OW	J#OPYO#P	LIOFCE#Z	C60SFWWX	DIQ#2VOT	0BT#SLAQ
66#LXMI#	8EMCBMFL	S0#6NCO8	MI#G0BH4	8HHUUZ42	##TUEHAQ
NKE6#GG#	PI#I#6#B	I#HXGT6J	#XTAX#WX	PX8VGG20	JY6##2CZ
MOSVQX#K	WWI#UP#Z	MH6J4XXD	HK8MXRRY	U#Y0#UM8	T4RUYV#U
FVLP4TJ6	#BTNIZT#	DJ#FCSSX	#P8WQNUD	#2X0WYZG	0#KY##KX
8HGGBITX	V#CL#NYE	KZK#FQ#J	S4P28BUC	L0Y26PQJ	4#DBFLR6
FBMADVSN	#ZFMUDW0	WS2A#4X0	BUOA#NGW	#NKTNJ#6	#QI#TK0R
S8R8UYH8	E4JX8V#4	#KBM#HLU	K#UZEHSM	HVOZRZ#I	H68#LG2F
4IUOSFOF	X4#TO0G2	WV2C0QMQ	QSTMG08N	ZNFQYEBR	QIJIJNH#
UC#KQ0#E	VM###HTK	MALW#XS2	86NE4QAO	JF0E##4#	2NCW#XQ2
NUCLALEN	06R6C#6#	AYRBLPV#	JSPXYF#J	Z#PA4ZN2	2UUAYHFR
WZG#DFZY	YOLBKWZ0	X#NTYRSU	R2TTJEYV	A66SUNEN	#TH8#R##
6S8I#OG6	X2C20QV#	I#SI#XPG	GPPLV#2#	8KHIWCU6	4VJCLLDQ
#0K2DY##	4#AB#J8S	DLSTX#M0	TN#BZX6N	UJPXUD2J	0#YSPT#F
#6JEF#PE	6GPFSNT6	R#PD8#AI	YBHERZ4U	P#WOFJ##	#JW6SDES
S0MPYWT8	##CLH8S0	#OHIBYYQ	HC#JU#T8	#OELADWA	GJ4ZMOEQ
#LMWYUDY	HVGLO#JO	28YG0NZ0	WGUMYP#X	F6PPS0BE	TH2EH#L6
Z8BH#XSR	2CTP#ZD#	S0EDWL4#	S6GKXW68	UE4BS62N	YQ#0I#8E
NNM4CQQT	VL#A86NM	4X8TVQ4#	LXDK0##K	6D#RG6L#	U#WX2#EL
#0PC6YAR	G0Z2#C##	#D#A2FLD	A#0YSOKZ	J#YO8W#6	#SC#M2DF
6VLIJ#8X	LLISGTBE	QFMGEXGR	CR0#ZIJX	RD##WNQO	FKNSQN0M
CCIGLKMS	L#RX4QCZ	DMCMWWBQ	Q#6#DEZ#	0UODVBXW	#4TJO8BI
GHUH#FFW	I#2EU0I#	#Z#SM8Q6	#TIAW6UN	UTXER0M0	2RTQCNLV
ARKMM86K	IQDNGLMV	WY06PEP4	WWWY#XAU	#W#DAKCQ	BRGZLYX#
2Q#ZIQNM	#Q2VB#OM	L2VK#WN8	W8JAC#EC	0CCVPSSN	##WUVXY4
N#BAEWVB	E4L68LDC	D8#QRTA#	8BFHFKNS	PTEXYU8Q	S#WSAHBT
YT#2RRV8	8V0LCRBD	2RAPX#GJ	TMFVCAX8	IUHOTCL0	G2#L#2#V
F8U4TSFX	NZ#UIH#C	LEYENCB#	TEZIIZI8	4L#IH6NF	FN##T#NI
H#0KTGZE	#E64NDSS	QVU8#0X0	W6#TKBZZ	DPFIGRUR	#UFA2SY2
MZRH0#SY	4#BKCH22	20F2NA#H	H44HS#WT	TSNXESHE	C##SK#SX
V#JJ4TLS	0TE6#N#R	6T#E#8G#	B4UYF8#M	BNQEO#NP	PD6ADV#Q
YDETTQVB	ZDY#MH8#	2YUC#TWL	I##R0U#8	#YNP#VBF	UW#Z#MWW
26IIO#0K	#ZZDO#VH	AIS8##MD	JNB#YO6A	OJ8DXFRY	J#2S4AZB
H6OFH8R#	PZ6#H8EC	KXMAEWEX	##N2R2WG	8Z2T#LQU	0NFOR#NZ
P#4868EI	F6EJH#E6	2KF#JSXZ	NPKDQ6NU	PXSGREFO	0#0O#A2#
MCDL#0N8	J6YWXTJM	6E###XN#	UJNSC#TB	TG#IJJDE	VY42WJH0
#JI6#8#T	2MV642ZK	MHLHNBIR	DZE8JL6P	MBM2EB#8	GTSZ#FP#
GQY8RXQ8	I0WXDBJE	IQ4RC0I#	JM#FVD0R	NNUKF#UJ	XKFJCHPS
GFKLUPU2	#XTFASO#	#8QLNYM#	ZXUDHCUD	DH#CAMRH	##IV#2K6
V0#44UMP	VXEUGB#2	XR#G#WLZ	#CBSW0#H	#XQICU8B	AJ2MILUS
THKGDUW#	#UDN6VL0	JQTTF00A	GNTQRSIO	#V6EEHUL	EVGWUHI8
SSMA4NCT	KXIOKOPP	TAE#Z0MT	DD#YHOUQ	U#IH6PRO	RQG0#WGZ
TNNC6LOO	TN0K62PY	EZ0JHJMM	WCBCH040	0TMIOU8P	0#WYOBA6
CKI#GB#S	B#TX2#AK	C##WT#XK	#6M2GJIR	QFSP84OB	C0L##GEF
CCEYJPI#	IG#B#BWI	#I028QIV	#VS#TLMG	L#V#TP#U	TMFUZSCA
F#8K0WWZ	P6ODWJ##	IB#Z4MK#	QKX##R#Y	A#SQ8UJZ	SLPGDP6K
FR#P0JNM	N2AXD#TJ	RM#QL#6#	#IDE2YOB	4#8DXQ8E	UWO4AFXY
MQH#J#EH	VM#GXZRT	#XRRH8T#	YP#XLPWB	PJ#06GAA	B4BCY2C#
8VZ20CJ#	TU#TOXXR	#NI#XO48	LFMKUXFB	#CYD#SPU	IC02GJJ#
AFM#JT#A	0EWFYC#B	M#RHOETA	#XIJ#DR8	0#UKMZI2	BVKZDMZF
ZP8TBBEN	4#S4RJ#U	Y4C#X4FB	#VDJLY6P	AFF#JDFT	48JDQE#Q
#Q#C006G	D4EU##S4	2VO#AE44	BO4RB6SV	VUNF#LTR	NYHHKUGP
PX62GQ2G	ZR2W#OS#	EWDUOV0O	IY#LANMW	Q2MWWG#G	A4H#URR8
#E#C##L#	RQEU##WC	FPS###EG	U6#A#XCY	4#WT#8UF	#LNXNCNU
TENZZ2K#	XFH2KO#C	RTMZ#2D#	#DKA##4#	VIA28LB4	E#06RCNZ
ZMXOTYZR	##ZGGJJH	6YJ8KCZ2	#SGRV#JE	GVGJL48N	UD#QSMWI
00F00KY8	AGTW8OC#	DUOHPBSO	UML##2C6	4K#F4KP#	OZZ#IKT0
SAB84ICC	RBU8MU6J	#NDMNZI2	Q0#AIX0D	OG#T#JYG	KBRG4PNE
QJ8ZM2#Y	ZO2ESIKJ	OZPD#R#0	60UGLIKF	AK#PTRU#	QGEUB#XI
0MPQZWEN	8#V6X8QW	NP#CZ4KQ	D#QP6CKP	EV8LI#8M	S0MIGW#P
E##V6VEN	TIYMY#2B	L#P#EG0I	##EP#LAB	O#IC##PD	GLWG##X6
DLGW#8C#	6MEH#C2N	LM###SD#	GQHLJUQG	4PRITN4G	HP4CBY#S
LF#L6ZPN	HXA04F#A	UI60#LJX	RB6MS8I#	UZC#MQ2#	SDA0EH04
SDBMAT#P	UEGN#6#O	#GJB2TS#	C#TP6ON2	EARR8IH#	BZG#UPXE
WWC#G2#2	H#GS2N0Z	#VG06D2H	#B4AY##Q	BLHBE0TS	#VHLD#2M
CDW4DSIQ	WQ8TEXRN	H#HNC#AV	B4#M80BM	42HVBU##	6W0#ASP#
#NFWLKZN	4E#HSGN#	2ZYHOVX#	HEVAC#DY	QDB#4GT#	#THAIWQS
NYHEFBOT	T60I2DQ#	#I6M2C#X	RUYYXGGP	K#4HOUJB	YACE#RL#
#VBBYUZD	FW#WDUX4	EL#E4R#Y	Q#PFA##6	EGEBBNAS	#LQDB6Z6
CN#BLX8K	RQ8LOPBT	8Y6RQCJD	EBK8#0SJ	M#T##PII	CRSCZNIE
ZTLW#82A	LX4##2AT	6OOHLFWG	O#GYP#Y0	KTCV2IIM	GQFQ#KAW
IJGGDX84	#L44CV#K	S#T#VJM#	PFNVCMA4	QQRZYMHQ	ZNAAZT#Z
PC8ICZ0I	Q#VAF0GT	Q###PQHM	4PETQAK#	#C4ZQA#A	ZQNNM#0W
BW#XQN#6	6C4Y##4E	JVSD6R0W	FHDAKKCW	##0#TFNM	UDZZQBA#
W0NOPF#6	XP62VYE#	#JU#KH#Z	LBZVIECZ	YJCX4P6K	VJW#6J#J
4ABX6EHL	#WVGFM#K	VFN#WKNU	BJX#J##S	XIFAPPC#	DPLJ#MRB
L##4SGWT	242PSJVH	PGG2I28#	RVQ##4ID	QULJEJD6	XJQNJAZ#
NRDZQKLS	#DYMWPWF	#VP2#SEJ	QJ4MB#4O	VZ#6XA8#	ROF2XKJH
T0XBOORI	YILAY6EW	2KMKSI##	#XJGD8#A	VDFDCSV4	#RQG4HOD
CY6TWO#G	#Q#ZYGTN	DWQ8RJE#	FCJ#A#JS	PKBXHJ##	4#DMYDHN
S##LM#NT	DDG#CTCM	OW40KFNJ	THHYT42O	62DHQSJQ	4PVUFBME
##VOMOJX	TGDYVXSM	PS4TMX84	Q#WMR2H#	DKMZF08G	6C0H226E
2F#NJTXU	K2OAJIS8	PIHLDITO	TLW#CLD2	ZNDR2WXK	MIHQ88E#
SMOR6MUK	U6RUWZTN	AB#QW#JL	#2QJL#TL	YBWAXUOQ	0##B2HFQ
ZHGLDM#Z	##Z#K4Q#	R#CD4O46	UWRBQ0FA	ZT04C##U	08##N##U
YK##UIRN	IKI###4Q	OAVYBD#N	YBNTHZSX	#8##84EW	MKAMOCNG
E0#4OVSX	VWILOJA#	SP#RNMRZ	QJVIM#FK	VLFO4WBR	C#MRNK##
#A#8KRZK	#AGQWPKN	O#TVM#YW	WWCG#I6K	X#FJJZN2	Z4IWX2R#
NXBM#V#4	F6AZC#DM	C20LXI6D	DZ0#LR#U	XUYOLUFQ	ZFLSSASC
PM#OYWOV	HF8#EJFQ	CBH#0YI8	#MX##CZO	IE2Q0#XZ	L##XVGKT
Z#A8HUEH	CQBB6WE#	#O6##S2#	VABIRSLC	#F#R2RW6	2LJYWYVD
#S26#I#S	NA##SD8C	P2J2PH4L	CX4MRWSL	26AX#WYR	#II#Q2#J
4MHI40PC	4N#0R#EN	AY24JLA6	ZPCOF00K	EGZNARL0	U22KEV#0
SAK2YDVI	VZD8KT8A	O#TRA#D#	S8E8#T4O	NNIB0CMC	##26#RIS
##F#X#RP	W#C#J2K#	TMA6#XM#	22TUEFDS	8JBJB8WT	S2TP0MF#
P#M6IMG6	6OR0#TS#	MOLWBUTX	60KY6Z86	4OVVTDX8	LQVGH20U
#GUZDPXU	DWSP2M#D	PFDZQN#P	TA##XL6W	ANBR0NN#	JXAEO4TX
LP6#RLMQ	#VYQ#CCM	#QTYSMHF	PAUMM8S#	G8ELUBJI	2FIXOBYK
#4OJUQ8T	NP#JGUEF	E2TLY20X	I##KTT00	ASFZYJVN	FZDZZC0L
4#8NO6M4	ZNBQ0VUX	4XGAY#P4	#Q#EIQU2	OM#T64K4	#CHNM#M#
NYMPVVT4	DKC6I#Z#	XIK6P##R	R#HCEPUW	FSUJWG0#	VAM02#SO
RJBDNT8#	#RBJ#C8M	IZ#OFYII	#OTEAEQJ	8V#GG088	YS4ZUV##
CJ#GHE6B	K#NMKIJK	NKERMLG6	VQTUZO6J	4PHYOZZP	IG0PU#R#
XXXXML#J	ZEQT4VV2	ASW86PUV	U#RFZBCF	4PV#LVDJ	EA2#J#SL
I6#RJCEN	I#TF8#K#	FJEDDS4T	QNA#L#E8	#Q8NA#QP	I2VU#LYZ
H#6QWVMQ	TITDZDDO	IBUUXTD6	6GR4I6X8	2O#0A2WX	QAMUUERB
WZRPVC#L	B#Q#AKU#	LRKL#O#K	CYNKHC#D	#RUL2EGC	#0X#NG#R
JO2BW2YE	08AQZ#NK	SP2QW2S0	PEP2#E8L	DAEY#Z8V	F0EOSRBB
NM4O2ABA	WPJ4CRZN	XMYAFDWL	PDP#4WR8	4D6#JD##	WP#W66FU
ZV#FJJQ0	NFEMS2VK	NV#Z2#T#	48K#LS4#	O#GETUPO	S4V#EBVP
IG22#AYK	#YH48NRV	CO#GIE4J	HN#JQEVV	WKHA#P#B	#TXTO#IX
OSAW#P4K	NPWJ#UKN	8JINHG8S	88R82SV#	Y0MDUHC#	8FLJU8#8
TS#JXUOD	68VG#BKL	K8#XBA4N	Y#QLQNHU	J2UH#4ZF	ZF2P#ZJJ
4YU#GPW#	BB62JP8Y	SFXN8XTT	YU6AOU#L	WUJ#DRT6	RZN#L6QZ
866S#BNZ	ICRU040D	D#ITNBKI	#QAE2MXW	SHNH#SKK	CWMNTZM4
WJVNCRM#	NTGWT8WT	GWKK08JK	AT0D#CZY	R28#SDEV	#66GET8L
GZ2RNZOA	#VE8GNVL	EAHBUMBM	##4PMG6T	8UJESUQ6	4VQ#4BKM
TH#PV#P8	D2QH8X#I	T#TXAXKU	JHGUXDM4	IQ0PC88N	F4WQRLOP
SAI#AF6H	ZX8NVEHD	VZCFX##K	#OZMTIQP	#QU#VTQX	4#QI8ER8
C8GAQPII	ZNS4Q#0W	20#LNDKY	SX#W#OKY	DXYNVJLZ	P0B6YQD6
J4##YKK#	CVADPIPL	OXETVBG#	SVW#J2UI	#Q#8LHMR	Q6BBGAKG
#AG#60T6	#E88WCV#	6KW#FSM#	SHXWYJ##	GEETP#SK	BET2NW#H
BV#Q0S##	0T4O#0ER	N2N8N#RY	NRD#K#EE	6BSGE#XD	O0FMUOXM
VJX#L0SY	RXPFJUYB	#LWAY0E#	#PQX##UP	CKC8SVEM	Y06I#QSR
CCM#OP4O	FN#EZE26	4YUJD#UC	PIZ6NGIS	4W#2E#RN	IDIJJKXA
V#GV##JQ	GONC42XH	#UXBYWCI	NTUXO0PS	RA#AZIZ#	#LHTVSOE
V###HXDB	LOH#D#HL	NTTH6ZGK	CEJAFVKE	#4VI#6DC	TGZKGBR#
BHD#Z4MR	KDZBLMX#	X#HOYAK#	IHOE2KQG	X6CMOQE#	MK8P#IV#
6H2B02DR	2GGQIZYP	#LCSG#GB	WY#ATOLL	#NFPBJN#	V4M#AZYA
NR8SROWC	VUTI#MI4	YYCV08EM	TFRLVSAQ	B#M22FF#	HKYUBPR#
#NPFID#K	OF62TLJQ	#IQWZ6XC	AC#RTULC	DWPPUH#Q	JP2TI##E
ZA##JE8N	K04U6DFV	MRGP#GXJ	CVFFHCCY	6YGH##YL	##JRRZAN
0FW#QSWH	XDJO8RI#	2ZNOU2B#	E#OGOJ4#	TFX#OQ#O	FMEAHB##
I#LJ#L#T	D#C6FO#2	SESI#RLX	4##I26#V	0204QLWD	S#UIHMPY
CDDQ46J4	R8K#4OQN	VGHFX2UQ	D#O2#QKR	PHRYYGTR	UM6WQRM#
##G#HHM#	#0#K0C8N	FOJXF#OK	#PSABPQD	YSGIBKC#	FD#EKQQ4
C#ADRPMV	4LN0RS6K	G#SIS0TJ	L6G8BOPH	6T6888#0	#U#0EGHH
#64EV0FE	AM0Y0PBE	ZVIQDEUZ	DQXB0L##	Z#T4#I6V	Z#MI24KL
#E8HPYF#	PBQAMGO#	PW#MO#4Q	##4M#PQ2	DZ##FZTQ	S2H8#HIS
RTIEWIV6	J#F8Y8#H	NPY#MNZC	PPCM#QKD	PWS4Z24A	W0RATAN#
ZXFWMV#P	#2FQZCCN	G88Z##F4	MRUUGVID	8BXYDVZ0	B#6TQ0CS
##KQDCF2	#H8XZ04S	JAP4R#SS	#2DL6VJO	OE#BDZV#	QAEUG8B#
O#HACBMJ	CTY#NHKH	W0PPLHPP	IOLNOKQ#	TWX2NBZL	BCHXA#YT
4D2#FNN#	6#E0M#K#	GUY#IK#R	YT#QU##D	CEUYJ#RU	0GJHHYFI
FAXHZNAE	NYSAR#VI	S4BMAHA#	4PFLEO#6	SIO#D#XI	#8H2BXQ4
0TZHTDO4	ZO6M0S6#	NTE#E#KL	06FPLGMH	IM#QQ6DX	MVPAE###
HI2CUDGB	FVU44CAC	L#AT0SFZ	8CCLFNRL	LTXC0ULF	Q8L4R#VC
EJQX2RFN	6GMLKNGK	BFJOKXK8	#NF2O0P#	FDTNZP#E	GF#BPL0X
#EYVNZON	YQOM2VO#	K##KDM0U	JBPO6VED	FJ#S#H#Z	0ZSSH#CE
FHTWLEV0	YX0N#JSE	S#FYRFU2	HVB#FRXL	8#ZZF2L#	FDA#ZVLO
#NVIKLQQ	4#2#PPJC	ECP#6BSE	RR#V#GIZ	C#6X#K#M	VBS#IYKU
08Z2##IW	K#ML#IIB	FRBKHF#I	VMSIE6DE	BD0#DIJR	SUYA8XEY
EK#0QB6B	UR2PNLN#	8#S64H2I	6WEL#2NI	WYP0TUAL	0YMWQ#LT
DTR#B#GQ	0I6U##XR	#VWADGJ#	#C#RIYW0	CAI0S#N4	8TEW#MF8
MRW8OHKF	D2#OAK#X	Q#QU8T#F	NDFMM##2	OHI#EM##	0NX#FO#M
QF6QRIS#	OYZ#JE6F	#H#BH2HN	KB4F##L0	PLS#A2K#	P4J8#TSE
QXWKWN#Q	RQQNYS#N	UAVX#DBS	4K#8B#TL	#0TV6ZNY	B#ECGVPS
P#QNKJJ2	IBUZ#VIM	##M2C2##	C###P8#N	BZ4HUVSP	#QT#6UGM
NICD#AVH	QCDN40##	USJW8DSJ	0#NZO#V#	L0VX2DR6	E66#8TE#
I#KS#JMM	AKH2UPBJ	AZR4AY84	WIDLJ#ZL	DE#ASTXY	E#JJ8DI4
6UHJ#PDY	K#GFRH4W	ZF#H#UDX	XMAMGLSL	Y#NMCCUL	NOXFHRIP
WZP#EBDN	ZZLVLATQ	A84BEBLD	#ITGTI#L	WO#TBZHW	Y2VAM4DI
FWL0#D#X	8VLODBKK	8HVOID#I	XHXNK2S#	G8CHO8#I	JDIXZFOK
KS#GDUEY	L#HB#XKT	ABQEY#8A	6IIK0VZB	#0IVZB#6	BV6BYF#G
0LFQVJ#R	BCE##XFA	EB4QWAVB	RYJO2I0#	T8LR#YZG	#MJR24P#
#UK6#TDH	YFODQKLD	8MN#A#G8	L#BA0F##	0Z4THLN#	CR###6QH
SU8AF0PQ	OLILWU#G	HUJIX262	S4PVMB4S	EDG#XX28	IZY8CC#I
#2DEJJ8N	T6COOI#R	BHT#LN#4	HKGD0YNP	B##YC#JE	FATNABI#
LB#RRL#2	WBZSBG#N	4ZKC6#DK	PLGWJPF#	YBUI#8SM	UMHEHEI#
NB#20L#T	ER80YSFM	8XL8Q#P2	#GBDUEVD	G#6TAEG0	D#B0PMY6
J22#BZU#	P#TD8QHG	4#GW2#HD	J#80H###	YY#2ZLMM	BMQQ4LH#
QY#I#C4#	K6D2NG4F	LR4UUWGO	OFGS0#HP	ZP#GKWYH	#G#RIWXB
GW#HHM#2	VJOG#8PV	VOLGKJT0	2Q#E8A##	2#QFP4E8	W4UVPUW8
AGRBVMUD	QE2A6KJW	PAC#SG##	#W#QJXT#	SHVBWNO#	Q#DK#IT#
C8BO##FH	PS#6LLFW	4#OWXEKS	FCCKU0ID	#ZKG#0XS	N#B2##J0
CUOK#IO2	#GHKEBQX	YHZY28KP	O#SRVTQ#	PL#Z0#I2	AIS2A#TD
YDM0KT0N	SP2JILOV	2DKPNP##	M#CTJ4LY	K6A8URIL	G4FC6VLC
N#MT#RWV	BJRZXQWV	VIAV#QR6	HR#N4YNR	BA02UYZQ	ME6##TVN
QLFPMERE	JR8ZCFJ6	2LPVRNEU	Y#4CGFBA	DCAG#ENU	#HMJNWHR
LOLIS8NX	YKMK#AST	RS8IEQ#U	6BG#TC#Z	AMLZ264K	BXLWNU#G
L2EWFN##	SWIO#XO#	YRTAXUDV	E2E#B2YS	XTUTL8#B	8K#0RITW
DXH#LTN#	DQW#OMCX	QUM22NO6	SZYDDL#U	GGAD8ZMG	FG#6XS8M
QJK#U#US	M##RGN#Q	GM#ICJMF	OKMKCLZ6	###2S##8	UGD4N#QN
HOFE0N#T	K2POZE#0	INAH#L#6	FW8YH6AR	E#TOOCXQ	C8HXABM4
HU##C2QW	#XW2SEMO	#2CB#OZV	8VAIZGYM	0Z#E88MP	U#0EHQYY
D2R0MG2N	FM0ZK4XD	GJUNX6BA	GQ##XVA2	#R8DYNJE	4K28TG2S
4BHVY8F#	FT24#0DA	NKDZ4A#H	##VX2A#X	IV68Z#JJ	LDG#P8TJ
W4BKWXZR	#ZFGXXGT	QIJEHKXZ	D6QGZY#B	CPVB#WWR	0ALSY2IY
ZYR62#T#	JG#LF0HU	8#2ZGU#P	#F#IJEC#	N#AY4I#F	#JO#VFZE
XH#VQKBH	L6UCRX6J	QCQZ#PDN	8QG#4VUJ	PBSGV6##	BCE#XNC#
B#O2Z#QI	WQY8K24Z	O46CWVM#	6P08ZK4U	AUCIPCV#	A#R##8QX
QNBHTBI6	#S##M0P0	##JPUG62	SWKA8BFQ	E6YILMNE	#8R#XLZ#
2C#MEL02	VZRS8FB4	TU0#ZBEB	CBW#XVEY	AO#CP8JG	2OM#TKV4
WN#SP0FW	4PBSIFDF	DEIJRL#Z	YL4E#DAH	SVWXBYD#	#RQ4INWW
M#YUUEZ#	ZSWLL2QX	AV0C6YB8	#YB#4ZE6	N6#H2L#Z	HKABYRIN
C##QQFOT	22XH2#G8	XQWD8#FL	F#WC#JT#	AQBOJA##	84##DH2D
QF#ON4SW	6A#UH8E#	A#EII04#	BHDQKQXU	PIL0D8HJ	MYJNG2RR
JBZMQ4#X	TTV#SSUF	B#WV#N#8	BR6YQ2W#	PBQHKGWL	CYDM#XHP
QLLMO#0H	CUFIQ282	XSD#X0B#	L8EJI02Q	EMJQ0D#O	AEGQG##T
PLKWKTY#	0#6AZPAN	K#LGVWLK	VVTM2CAK	XYG#TN2S	P8#VKGNV
#0PWNZFA	FLSHZD#H	O48#XPBC	EG#J#LMT	H#X#LPSY	D0W#BMUP
M2SWLXOL	4Y0X2CJA	I#WQH02L	E4DPHA#6	UUQ4NW#U	X2X8OXNU
WN8#JP##	4N#WI#JV	BEN#HTEJ	#2I4NY44	WSJIVQ#F	#JN4HCZX
FKMX4BBN	2##H0A#W	2JKTVLSB	NKEYNR#W	K#ZDYTEB	FBNE6D0W
THY0YXNS	SMK#I#WJ	WH8QGSQB	C###L8#Y	FD#0CK6J	6JJJL#6D
ZT#VWMUP	0QALBHTP	C#G0IV#Y	OWY8BKJI	U##WBKMR	#IR#RPJM
LOJGAM#K	H6#CEH6T	KV2OJ0W#	WUSPVIOX	NRW0ZVJS	XUSZ8F8U
ZDVTM0PU	G8OSFBYY	LW#IQRC0	OEK#CZ4Y	#44O#WW0	62DPGK#A
Z#DBICDR	V#HRI#LE	N#YHSRPH	XEYE2S2Z	#G8GZXBS	HPHBCU6Y
N#R#G#EB	2FMO#HMR	6TKCSTCN	DHCHAAZV	FRDMTLMN	FYVBBNGB
ME8##822	YFAOUC64	A#A8SSS6	CVNLEBQU	YLM#26QM	#CLVVXW#
NVZRS#ZO	J0LH202G	OH#KKT##	ELQ4#P#T	KGMNHHIM	NPFPQOIT
DIL#SK#W	#6IOBIEQ	ZGIVT#VX	PSJ#8R#M	DY08LYEH	4HAUGKL#
#DOVWVAS	#YFOTTPL	#4DYMARA	#HB#OIG6	DAO6NK8W	#Y###B#M
LYG#FD#A	ZJFXNF#L	KRXDF8FE	MMMI8LFR	VEBJAX0W	DYG#ZESS
#FWPNU#T	OIYO4Z6I	R#C#RU#W	J#2I2ZED	CN2D8RE#	2LYY8SX6
GOE4L40#	H##CEQGO	#S#QYNSI	IIZ#LTYV	SF#24N#E	#P#KGHXP
M#482E#2	K#K#4#Q6	R#W4#LJH	QBMG8BGU	S#ZBDKHZ	LRIG#SPC
LK#AR6RL	K#AJ#GZT	2KQ0VK#T	08#4JW#0	YF6IX0F2	#GNN#4GL
8OMXJZDO	HUPIA#4#	PR2K0VER	R#DEBT#V	MMBFXKOS	##L#RN4T
8Q00OHYJ	FD#VECNC	WF#LCEF0	PJTO#D#Q	XRWDDSCH	RHJ6BNNN
JHC#AQ46	##U#AZDK	##R6UA20	Q2IQMAKG	YANZUQ#H	Y6EFTH#G
6J#OTLLK	44NXBKKY	#SRSFH#4	XQRB6G8#	H8DRQD0H	HNLJZU26
##4#M8TW	#U0#RCR#	P##JJK0F	4DSQKEPE	EEU2O###	A#TERXBU
#OZ#K6H#	#L#VBYSL	B#IRMJCA	PL#UOTZN	2R#YBY6H	F##SWDS0
ZYYQZB#X	6OS#M#U0	#SCREMSA	RZTBUBW#	4I#JLS6#	BKXH68NN
I8JUNU#L	6G8ENLDG	ACHW8V#G	2N6LT6ZR	LGJPU2JK	I004TQ4E
U#V0LANO	ZY#LA8F8	TWMCXLSS	SWIYMJMU	CCXN44OQ	##G#2YU#
DRXFC6I#	JHCDUT6F	YMWPX6MG	####FXRS	QOLGS6ZN	O##IE4CG
QUH8ERLA	RARP00NP	PUNJXIR#	8WWP0AT#	OHQUGR28	M#YHNNNG
0O6V4LTT	#XNI#Y4C	MND#KBJV	ECG2CT2O	0G8#JA46	#0TKIVKB
Q6LNR4LT	Z0SYRBXI	UXZ#LU#N	ONEO##XF	2CBOM4M#	PKTXIVKF
MGPJIZ6U	I6JBIL#V	IPMTKG#L	S8U4#FFP	D#DBVEHT	#H#SAPLF
Z#RYBUQL	##WAJHQ2	IQJC#AI4	#I8VO0LY	X#S0TLNC	4GN#J#MZ
VYRUBQ24	FLRZVRGY	SCNZL#X2	#8#R#HJP	#JG#NREV	48QEJT#8
AX#NRQGI	KL6YYOWR	XKRX6#WL	68EAXPAR	WEVCWRDN	4Y#JSNXB
4KG0N#LI	6#4#LK8P	PNDVOM#I	#QKSDRUA	PR#V#AAE	PA2YTHOL
RU#WAU#T	DE8NN#E#	#CZ6A##S	XKL4HU#J	XU4BY4#Y	#0A#GQ#8
0EMVH#BQ	6DKAIWR4	#CJ#HSOW	OFSXAUQR	4QC2VBY#	0GOZA0VR
LDVYXW8L	ZVI##6G8	W28IZ#4M	R68##P6L	##TIXXUH	JZU2H88Z
#V2R8#6D	ZHUB0WIQ	2N#X8P#W	PE0#C#OF	FOPLUQXR	PRJY2OR6
