ZGXUSLW9	LNKUY1Q5	LXFIFK8C	BXF5I6N3	UMDNK9IT	Q0MPCWWL
WB3FNL0A	YFZU9JO6	65W63K8L	V19RXI77	QRQNZKFT	ABF3ZK81
GFWMEKQR	11Y8N4LZ	5EFT1T8Q	41AB7OLV	FB0Y7OOC	IE5INETZ
9I7TX11L	8A75EXR8	GGTWA6JR	11GG8R2S	AP3KVKFL	DEPU7O64
U88NRLDE	JSEHSU08	1OH7DLRX	ZBIYQEH5	AGBN0J0M	PCK8I584
6LWFGGD5	940RHTW9	PGGMAZIU	XO55KZ8B	29P2AYDH	7H1P0CG1
JQU98XGP	N3HNJDFH	DGN8B32Q	UY3B3A9A	MLNFAKS9	UMJDVRFM
LCR0R6CI	PK86B405	QQHPKGL0	ZTHE2ZE3	ULXFB56F	3VTKK00W
T7IOOZ9W	207YEXKI	70QWK60D	M9MM7E0R	NGIPVE2U	32BFYP0W
60RDNJN9	QFI3A8PY	HFHGFWFT	TSB8G74X	KTP8UGBY	25O9DR2S
RWAUB5IZ	IKEQCIFZ	BE4BWGOB	5JGMOXJU	8SX6VVMD	SF2SA5AM
0GZX3X1S	C20SB5SE	05OBSTSD	APAU2RC5	933FYX6U	89EYXF57
9X123OGQ	QW7NHEV1	OEUZ1FBX	N9CSDSTW	8U3E9XAL	3WY0N5TU
BYBZ5KIQ	CPY4W5PW	GOJC9QDA	KZL0L3MU	7QC4D00I	2XWHMLOQ
0BIFPX9Q	BPCR0FW5	V5IN71SB	ZGAI5NR2	OX172JLB	UTLY4RY4
17M5YYVM	RVKS5G4U	3MKAUS3D	107UT49H	W5EP9XOM	1SXW0AP0
0PWDIAXJ	P88DG2HX	3759TZK0	MDKAFHOU	LVFW756Z	8DMAORBM
7P2UKHRO	MEW2CP87	KTC3VXV4	AKGR06BG	QCLXG43L	DGXRC02U
AK54T7S7	KRZJZ6W4	D43ELAJX	ATCSW50P	CNZPMK2R	QMUZ324G
BFDRRDZY	OQ09BDTN	76OFK5LT	M9UTDMEI	LARHUYMG	Y9YJBKJU
ENN1VFZF	03LT8KB6	R2HA29H7	MCVJYIRJ	EXPPPJV8	JMYY3XQ9
4ZVATJH8	5UENM94W	K88GGPK1	Q87S0T6V	1OJYL71H	1307E8KJ
BWNTYJAG	VX026XF6	VIMKR6K2	4R7OJ8KT	IA3B1BDZ	XZ1AVYHJ
UX2M826X	B3KHTDAP	LCXU3JYJ	FYH3KCHH	QL1D02PJ	GPIZLJ81
VLOWG2Y9	SWYKG4DG	529UW0GE	G81E7RUO	YQJXI9LT	CHIIBT0U
K83K17LQ	UILB50YO	FBSAYFKP	T3E06U2Y	0DM8VN63	12ZFYVHL
HW38LSPI	F40TM4MW	8ORVPDMW	56JVF2U2	XL6DQXIP	T527ENV5
9SCKUI24	A7AAM1WO	OVOD4K6U	3E29IG52	T3JS9RUV	DVCFRUVT
47FMUTCV	VKJS51KI	QG567Y2S	S4MT17I8	OD70VB5Q	T8IZVL0R
N8ZVEJKU	RJ989GDR	I5JQ8SDT	MS5OK768	6J3LPTH2	FHP3VWAW
7TB83QIJ	0LR2WH64	H0YMVQVA	CB58OGQQ	RAG1LL2I	0HSXAXA9
5S4ELDTR	6KEPA62D	N7IO2A2W	NYO3GMIH	OMF8IOGL	EJS3KDQR
8C0DFO8Y	4Q3QOWOM	NO4QE6FI	3EDYHID2	2INA8YWU	WD2XCP7Y
MKRC5W6J	K9FADP8L	CNUI9CVQ	0Q8V5FLM	1Q6B45DK	8G1ZZV0W
A52I053M	JW66LEO0	01AZL6IK	XKN34196	57MF7JUB	XMZMYB8W
HO7QP4L1	V0EQFXZD	0RWY9EUA	DBRXO0DB	L1482K8L	98984YUX
N6KQ9UGG	D99FSF1V	JZI96K7I	RM9U3SLJ	I5TPLR9I	F3OWROEL
5WTPDHNS	NBNATKZI	1RSZZEDQ	2SQNHEIR	J6H6ZEBJ	ZEWHVYF1
GN39TIW1	TZZE2H2O	HER4OV86	OMWUJK35	KGQF2M9I	FATF6KVO
N5E54N2O	JIRJ3C61	DGNV05BZ	J7QVE3AL	KQQFT7DM	P1DR69KU
IXVH6SDL	MNKGLU6F	1YN8AQHY	KLT3HG7H	K24SEFTZ	H2G54VMN
JW7UTKNA	J9PXKFSL	YQM9TKTZ	UYHUXWXR	8S6KXT2K	I4WC57WW
W1G5C2R9	QNC580TX	EF836A7W	JE204GBS	OQNO5OE7	3W7V3GY8
0EQ2I43A	VPFFE83X	77UHK4JN	L51GWW5Z	LZW19ROR	3WHDHPI9
YOCE37LC	556YZ2L1	CHPUHUN6	4G9NLY23	J40K2WBP	XDWEJNPK
TJQ3D555	SU60O4A8	BUEEEJPB	T03WNBQW	KUJFKJ6K	ITWJ3WJ1
R0CJ6HUA	YE45BW9F	P1H23MND	91AQ592R	W4X43QD1	9QNW18R7
KWG6LQCH	BT0349DM	FTYETD9H	L6BE8VRV	841Z3DET	KGVU2JNZ
WOWDEAI9	0IM7Q2RQ	TU9K0T5D	QWJJH9CI	YMALQCUF	OL6RU5ZP
XT5T6CDT	BP93VRLY	80I1DSHY	ULPQ9VOS	G5BQZXI9	XYPW7650
Y5SS65QP	5UDQODKP	NV0K6QKW	GRTS87GB	0A09067G	4FSVGE8I
WWRDRIX8	UDO7NLTO	DXWOA6B4	7GLDCCEG	UFRU1B3R	YJENSSR2
D2W489X7	M3CFQQP2	DCCCSZBY	AS25YPG5	IR9BX83X	438Z868H
1CD9GDV1	GFIILTSY	EZ1D98PQ	6YAK8JB4	4WHNPUBX	09W14E9U
926IDKLV	QOSB5GRV	9P7XK5NJ	W5RZ9OW2	6M9E5690	X3DY11PP
XOG5EW0R	1NNOIAUL	E4VONSTP	1KYYJFGA	BXUBHCB2	U1SMNC4V
DJGTOFSO	9UGXBU2A	2O38YWCL	7U0577US	CMKPN3BJ	NXHCBM0E
EZGNWJTJ	D49SNZOT	U1303YZX	C8K6DILO	02DEZBCX	FHBFGF8J
HTRANU0C	AZ02FO9P	DW4UZXCC	49R4HLYC	PF2MT2B6	XE3DJGHD
FRVAL42R	IXIEXJCS	UCXI8W1W	XCL4A4BI	UOVC65HM	4HU7WZEH
0HPJGVMJ	NFQ3ZPWH	IOIPFLOG	KBJ03436	ZWCSL1IF	SWREFWOJ
PXQQS3QV	6451DBXO	JGJYSSSV	RNVF8HPT	HCWGS1CG	VHF0WD62
5BT6A88T	BEEI1FVD	EC2G8PH2	7AHOZ3YU	KSCZ2G66	XWXS4OT2
H4OA8U6P	ZMW64FC2	GA6G0F9Q	B78ZBAQY	7DD5HYMY	L5LWE891
KHGH5KEN	OFT0RC41	Q2F6M32J	OUQYGRYP	UXHOA3LD	UUU8Q6IS
4SXJBND1	C1G9ARJA	64VLT86F	O3N0Y3L5	E3UY1R5X	5LEUG5J5
HF876WUD	6S2FSDVY	LH8VD41K	N1IPP6ZP	TS7OAZDB	K1R07AP8
02K1XWPC	CI5R6MRU	G8Y86TBG	UZV5O1HG	0DOF1EWS	N95CI7X6
Z168I9QD	B32Q9FNJ	WK03SGW5	JHGMJ22N	5JM1KXN7	B0XQ1NAK
EJC2M66I	M59J2RLS	OQ3ZXRW5	05AXZHP9	LSSSPVZJ	N8TSJO2Z
9PBADB9G	GZZUU5ZE	N85MNUUL	PXLKTM52	YLFYAY0L	B5Y4MJK2
1R0YIIW4	R862TKNI	86FTJ1C9	6BC2EF01	DCJ8AKQN	XKC8NUW4
5C5HSPYL	0DDM6PDP	WWPRERSH	5CO2295R	520E8DXR	4SWP2YR3
ORXF0LHA	VOYWKNMF	9WQL861P	PJP8TT8W	CHYZEPLG	62Z7SXO8
HF7O5DNG	5KWTX7VR	MQ7I3QZ6	O2NIC962	VF9IH1U1	1BWOWUIL
GTMF3T63	HWBO4ANR	BF26NDK5	Z854DH5M	PQ4PG4TX	657BPBE6
GVI1BRIG	8L5LL31P	49U07ZMZ	UE04BN3M	W2S0H7VY	SSBMN3AX
OAUZZT27	8B2F0Z66	O56HDZ1F	30O6B5BJ	VUN7RP9B	LF6AUHUG
PKSTWE3V	52VFTFHR	VH6CKE4E	BWJTHBV9	1HMPPISP	NXKVCBD5
MTMA53N8	MPTZ98G6	EGR50ZVT	NSO4X89R	KPPKLBTH	JXIBC25Y
DSLCKDFP	539UG0T5	BQ5R7I60	MBPRGHX9	SHO2WF8N	XZM81YI7
8QHXZAIF	2M1JWVNP	R72KFLMY	35O8ZMB4	UDS1V23T	NQO128TZ
RHKNH7I2	AO8Q2O5B	S9FFAMF9	6W8G6WAM	XFQE0PU5	0TKO2L34
JCZRDBYD	MI4HG7SJ	B2GK8T4Y	4DUJR2IG	B6DOPB6O	OLQ81JW4
TIHEGXIF	QA7YGDDS	LKGNFKRY	63Z6IP87	G3L869FH	KGXIIQ3E
O64O1OFX	U9R7165Y	QLWEC5XT	NG7MUXQJ	VF277I3Z	6UE3I3WP
T6SUZPGQ	XUQ1URRI	6MRHZ60F	4CZR6FGV	5XA7JMP6	3MV7HGUH
1IVMBELJ	PA9XOLME	LG53SFA9	VUNSSG98	SH5KOMMW	I8RGGNRW
8JC4S7J7	XFI5C07U	6F7MTXJ6	Q8MGTZY1	OBDDVJ6E	SGM3BYDR
NPFAT98C	GAMGD20L	207GFPTD	XIITBROM	GEET64KS	FJKT8R8T
M847ZE83	WD25HJD9	1MIFOC57	9SSC94EA	VHLYR3G7	SJ799F5R
I6OF9S8V	NUDI1J1T	I93EINIC	O2T12EJ3	MGCKH04Z	28C8KKWU
P46ERI3O	32RW35GZ	0G0PTDCK	CAKI0C3X	UT25S7W4	1IOMLXBD
E79BPDWE	6RLC2Z20	UCKD54U7	2ZA5C76D	2BJKZ07T	H9121V1K
UL2EKKCK	OMFHLAGV	95VSXLJY	PGHNVRF4	WRS5NZ6T	UGKDFHKR
1G1V7CWQ	66QMXR3F	N46DZSKJ	S48RB143	DNLS3330	GADOKCLM
HHLHOKYD	DHG4MU31	C5V5S28E	ZF3FOLPN	4ZT0LFY8	XY624TLO
MEOS0WBH	06BDRD99	EWQVFV1D	CBNDZNR9	9NH4GFPY	Z8YMU5FC
P6DHB66L	2XNMWP83	6F25FWG7	XYNC5S60	KJW52K1H	RM444CWT
XYZKWO1K	Z1AK2H2Y	A8M3Q554	AY9EJ9EQ	9AJ48Q22	M4PB4TFK
5OQ1ECGH	KWO7VOK8	1EXT7KPV	W0JIY0P1	TEN2R91X	60FQ4XTN
Y6TVN6AZ	1GYTUMDF	TDZVB72J	42Y72FHH	GVOH9VWU	O6CQAX6U
BZ66N6OC	AP56UUDN	FOYSQ5XM	4GI9EHLL	TBVFO25G	W9SI46MI
49K9CN55	L8A9JLHL	ODOKDGLX	G71DTI23	2ND3TFEE	LCS93HUL
TZ2DQ9YB	5GZY1LD4	A5FOQ4ZC	E1NHNER8	BS5AO0VN	TDRR3MSU
HDB6Z7GP	FGRC73PX	ZI2HQV0N	DZBFD91T	ZUQLLSSJ	LNQY3WN6
XPJI1ZVX	TGG91O55	RSRFO0CQ	5E9MQC15	EDH9XI9E	IWDDNOLP
CDR2WSXI	00LE1NAF	MFFP419A	2E4C9JCG	7DMMR7JC	05TNJ3LT
946N2534	AEXP7H2X	JFP46ZLL	4NB46GVK	UQXIP4AY	J6BCUZLK
06ASD3MN	3141UVVB	O5L931IT	B14HUZAT	K6388PWD	34J0E6P4
0AY1EW17	F4CDDLW0	P8X3G9YL	DRDROUJZ	FKWAQ1FY	DGXVAGGF
QKN6WOPG	06J5PPWK	Z2IQR0JZ	6AIMRKF5	K0YMJDOH	GVJ5T0N1
0DVKAVUH	ULZS0GRW	JZE7X2TU	9JEK9SWZ	51X7M3S1	9PJPNMZK
XLATDQ1O	WRGPY0FB	6M59XQOO	7XBEG8IV	4AUZS0E4	ECVI7ME0
KXDQNCH4	6BS47ZY1	SRPYA1K7	AISX6HQ4	9C3RAEI5	M37AGLMP
003NSIW1	E6S5N7P5	4C9564OK	83TSOXM7	VYOJND0Z	MZFL605E
PLXMJQIA	U3WI74XI	OQIF4USK	U24O8YFO	EQCFSSUI	NPWOKNZJ
SMTF13BN	BZYIIKN9	BO6OL2DC	90Z0ZHKY	UB22EI2S	LKSG19Q0
47BSITFQ	FRFCUGUH	B48P92M9	FR7F2UI5	0V938ONH	IISKL4IV
OZ9YAB7S	2AISGDOB	UDSETNKZ	XGPB6YOL	ZAGX57DE	Z4I7AWGF
19IQ4V70	Z00A29EE	EB9ODE1R	NSFJXVDR	V5UY6WVI	SG27L32A
T5RZVLJ0	XSG6M9PC	8QNKM72Q	9AGNJAOB	M1G1N2DM	PIQGTV3D
BLW9GE6H	M8QHTWUU	6TTX7BPJ	EQ5WQQO5	S36MD8VE	0D9L3QUD
53IQJYK9	3TIRP4YR	JCK5SKS1	6N37T9CK	N6T4KOS0	2XL2FW2G
LOPZLRD8	GS33P97T	63UDB4LG	11PPTLFB	65RUCHL9	L3HYREL0
PXF36MTS	CSGPHHUT	SBUOQF8C	XR638K1K	GG4IORKO	SY8I8I0K
F7886RQB	VTAHREQ0	B284FRND	CFSJ3IAL	XS7Q2D84	046F0GHU
WLEXV143	NSKWJQHP	PM6GS78Q	PUHSMOFR	GB102IUR	H53U3R3S
2WNGAZ5F	INJIEBBQ	M8UCT9A4	N6JTGC7V	HNROIK8A	7C94IPBN
SO3VL2SW	T4TTUT9S	U17WAG1Y	LW8TH4P8	JKQL9OP7	DXQRXPDT
BTCUIKWD	HIXUH7I9	MH056GCV	70JR4UD2	J2ZMNEEN	T134W6R2
65BJ14SK	AEB1C81L	PSEP4SJM	GXW9OV3H	LCZKTA36	ZRP8WJZP
KUF12EOB	EW7FXSUU	CLR04UNU	TD5CBBBD	N5L2BQXA	TBS7YD76
9P7OX79Y	MMN97G73	XTL5MTZR	26F4XTCP	WXQJFTQO	5YBR90QZ
GUHS2GVZ	FB81VXST	F6492Y39	GIXLTH5B	5E0UON1A	5CW5JDBJ
XKQG41YF	PB5T88KG	ICMH39EO	6T48PA0W	PS69KGDX	B4KQ78VG
OJIDF2SP	QYUNEYLZ	H1IOSRFE	OZUE6L25	GHE68N46	S9851WOD
4E3EPAXE	BUHT9V3J	L29DKIKJ	5TO0AZCB	UWVRTF0J	96G5QT0V
0W92ZYPM	H2WYLWBC	8FCZ84NG	F2TAMDBB	UAN386WZ	ND8MZNSF
1A2FQYU0	PZBU6TS9	1BCHLV8T	MIOV8B4F	BR5QYBWI	7SIX6Q88
JOQUX1K9	B09A81ED	ITTFHPNV	4KH6PL6P	E3AB627R	6NGT2RCQ
XDPCP6LA	J94HY3JO	PCPKVD3E	1ITK0EGH	WDIEXDMV	I8CLVPI2
VI4KN6Q6	CPKHHKU2	Q0HYDFMO	24BK63MG	R9MVC7M4	CABKDURC
OLXLO5M0	RY5AQXHZ	RSRQMX4M	URS7P0J0	QJD9DQLP	UZY0UMMB
C912ZVL2	V0DMRJML	1A24G475	BRBKDJHZ	HD0SA7W5	CXA8HTR7
NS59FIYY	SSUT5OMU	Z3KZCPRZ	93PWTW67	WF5D20N0	4O9U791F
LFEQMYD3	SO3PTG5I	S0Q8KUO0	V0OQ4G8R	O1B0L31S	1MG3X8EQ
EJRGVFGV	1AY11C5N	R48XT1L8	TDKKM1BD	4C5ZE10C	C9QHQCY8
1CWMRGXN	VAYTKR8U	A22Q6JC2	2ZDAQ50Z	1QXF2GPV	IO3RMX92
1IYCWWRW	OWVIBMVM	365OZBAV	Q6DUDOZF	5QKE6YBE	UY9F9AN6
2HLC9LP7	0HCB9Z3Z	KEQGSB1M	GZ0GR3XT	FX9EFJZC	HG4DZEO2
QMIJH16W	BS27CEGZ	2WTDMYQA	1O0PBOEX	FJMVN5BE	BDKTYJ4N
5GSWA9IH	UTXMP9UH	3Y4N4M80	0SJ2R3JV	VH46WMWQ	O50F8WMJ
L27QY6RP	K94PCD6Z	SRBF6420	XOL4D725	I83KZ89E	1XC0AGQ8
LPZO01CJ	HOKFSKX4	2AIGY3IF	KRJWZKFN	RGBITXI3	IBGZ8XZS
8RXF5GK7	5P05KYPT	E06N9HHX	27VOD29G	F1GQJMBM	MVF2R0EL
XOO94FYH	NHOZF08V	3WKKMIRA	YGE2PWEW	9G92NW1R	AZ3ZCGY8
QWO6PJOV	987TRSJZ	BZEYL1E5	LT8G27NB	CMVEZVHN	6WUBBIGY
DANU3RKL	VWEU55N7	MEZ1INCV	8FPB6F7A	XJISFHMD	XJTSE6A5
PAKMIRMB	KX98Y1F9	D6PRL3IX	SQVOWFQS	3RMQ3XGC	1NEBCVZX
SQJ8VFFR	Z12X8KHA	07EZY1LY	5ZB5WCAD	2Y6OTMK9	FFPEQHDX
IZEBXQO4	ZPT4X1HD	4CRL7184	KQABBF4L	EXEGTOWO	X264EQBP
LKLMP1W9	4Y3G8AL0	U4P7QA27	WHW8RS7H	TOS4WXUA	PNZUMV41
KBX2E6WD	DSZ9LXE9	UY1NT92E	OEZZ6O5Q	MPC6S2OQ	K32L7026
0BJ5NTZI	N612O3NE	A9BATT8B	1GSSRNBC	KGELW9S3	OXEJCIHV
N2PEGQAA	MXWIF8AF	B7FBRKSS	1ZSYCXXS	QVSPKQ33	Y91PI2Q7
G78Q2UJ4	D8WQA8SD	0VC1G83Y	ZHY7L8U3	27605B9X	T6J9P62D
9R2UFSKJ	39LEA28Q	2CN6YVI0	96TKMQJL	TAAIZIF2	IICL1FUO
D2VZIS31	RCFID2TV	H7H4718J	7VLHN3E8	86LEIXO1	IGUVMXDM
OCN24D29	DCGYLLGI	FBT6OIZ9	1SPLHK38	YLBS7ULF	D9PT1LW8
QT82K414	W77JE18S	92GURJ9S	05RP28DL	JVVLYWYY	UX14UZ7X
2K6F3YW9	HMVNHSAN	NH0SHHAH	KLX0QVI4	UMR6X7HU	XZZO0FCZ
T1ERAG40	7Z0WT0YA	YW4Y4F6Q	L8GWZHKS	74992ZDG	7TALGWTZ
XTTXCA7X	7AP7Z1A5	RPHPP0VD	OEKZMWS7	7O593V3Q	V4GWQHOQ
R1IRAKSQ	D2ICKAB0	ASAVLQWC	07QZYGKF	7GOK8BI2	L6V71HG0
AXWLR1NZ	NFA1VPZS	K0UK4Y0E	CQ1AGKAM	U45RZ3RF	RXH34342
9GXOLF0S	FW7WIPNS	G1RH2QYR	WSDOM2EV	QDLIW0OV	6Q9YGZI3
V8CYWART	QOPRJYOB	ET3F2Y9G	GMW39ADU	2WWZNCRI	D7L4B4C1
60CBNN0N	Y4OWXDA0	LAU1QSDV	SN2N7Y3D	XIABK2S3	JQYYSYE1
R6LDG2LF	6SNMTP0W	QKGO18E9	XP746OIN	DD7YESM3	V07JWL5K
N3XKCFMG	FNS8WLQI	ANQI5N8C	4T4XJOK5	FWER91HI	H6BX1MVE
324ST3Z6	ESZUOTR2	IAYCX79S	A69C3OOO	WKDSBCA7	543G37XW
2DOEA5I6	7MQXC4JY	U1DJ82GA	TXCC3MRP	FV85KBW9	OLWXDCCQ
V2VKAH6U	247OES3M	OCF04DA0	TEVYYARI	IW2W3MX7	8RFQ1PVI
6IRXEHVV	S47UOOU5	KSOLCX9I	0WN7KLYB	APZ59Y2T	80I90YX3
CGW7Q5WA	NXRIY9ZF	3MDEMXRN	VNEQLH97	81J9R97U	5BNDP1B1
4L5IC5BP	IOBHIYNT	P4UV10FL	SIE3I2SC	YPKQK87P	6MMJF6YE
S7AL55SS	0L01VMAT	G7K5QCVP	I278HMLG	34IMEK07	F01Q0E1J
2Z8YYZD6	A99XK2SV	HZZ8MHXL	8WYVN9EM	NC19F4CU	VM7MC4VG
Q5M3NZNN	3C8HMOER	VSTMX2YR	POITE765	7046ECKQ	PD81N7BF
C8XMD4I6	D2GH4XKB	H76YPHHS	2M76EU7K	ZAQZVOLC	XPQ4XI6W
ZPDT9OSI	XVHLDT31	0EK7V7K1	ORNSUCQF	7NHECMI0	DM3SWGJJ
W1OR0M0X	782Q3GAM	I9GEZOIR	M746TAZ0	QOT4FDI2	FO5PM1F3
IKLYJAIQ	VVNKLO5F	9P9VRF8X	0L4TV08D	1MRKEK8Z	YII76CN6
7QHHJJLK	KWLDSZ93	9LGW0UOY	9WKR0UMM	F90VJ1DR	4M8FNSNF
DW7O7BI0	EPMVQBV6	U19ODVJR	CE27XR1H	SB4BC0TC	8WUY36AQ
F99TRCKO	9TH0X4ZL	SHAOONTQ	M9LTRADN	ADOQXH2D	DHKL0GP8
21DY0FD6	IEFQAXOQ	SNQ2QL28	3TQCUFF6	GFQAH7OC	VT8333Z2
N2VNXYWU	5U4UP2B4	F8L7CRPZ	WLE5AXGR	9WRDMVS6	8YCJN1S4
2XY4CHIJ	0MOK5K6Q	IB2YQRH6	N02KESNY	P80VR23O	1DXE6863
RJYUZ0KU	746SQ7YX	SJF1G3L9	GEQQFRPA	KFC369SB	8Q7JE0XZ
TT0N941H	4S5OL2DF	IJFTI6G9	NOQNVE6F	I0GJ3NOB	K30TYJ0G
6FWQRX2A	GDGNZFVU	FL9OFGB3	HXG1638G	IQ7Y0KBA	DIEY0RG9
VR5VM3KY	QAK982L1	UV4GYQEL	2UWXY1VB	NGM4CT4K	P4ECE9RI
C394ZWG9	WBOV4LQ6	EMFOOIGV	RNMHZJKQ	C971DWT3	9MEHXPZD
0HIEIHQ5	GFOVEKAX	9WYDWGWU	N69R2FN2	1X0CBVVY	T6TXUHCM
AIIXD0E2	ERHTEM56	Y6LYOHFY	Q4EXV049	WHF12TBX	199WWTP3
4D9FCRVO	HOX5POHB	FG1G48NH	DLWLB12D	38H6XIHE	OFHDNTI9
GI65U90A	DSEDW9D7	7G6PY2YH	7O997DLP	37T0CIWU	XX0S3GMW
RX2INGUT	7HCL77XG	QDPE21VF	CRGG08QC	1FXKMEX6	J3DXOUH7
B68SCY0N	4NHJR5VB	36TJG145	VKNCN51K	ERM9QCRP	E92DRAQA
4KR7ZP2U	LRGSWYBN	11E0FBZI	ZXD1OLE2	TPF3IITU	SCY2TXJ2
1G5DCDBF	VEQ1AYXP	NAWYETWF	YRSI7VAH	6WD2DDJP	L19YYRHG
FH49X4EH	N9P04JAV	TTWXFPYM	Y172YKWZ	9SE6CIX4	2IOSYEJF
KIVJWXRF	ZMBKJQAV	O4TPMCPJ	5ALU8TS0	ILJNENL5	LY5VI972
L0OHN10H	USKBEOXC	I7KDZFAH	OCXKUOXJ	I2L30BYV	8UHVZWJ6
7DEA7BBO	X5AS9JTL	TXDSRKJ6	FT5AC8MO	AFQIRYCR	I63UX9L3
LRPAB8QZ	9G9VTR75	2NBI80XX	LCQ2G5SW	G11JMR76	R320LH97
QL3LHOBP	IIL7BRA1	JFDA5VG3	6EGNU94V	MVZN8LW7	63GWD8OZ
Y41YNTHM	SMELSPAM	TYCLZFU7	5NNIP5IU	BZ7FPCXP	HBB2X01D
QHLNWI7F	W6M00MP8	7ZUIE6L1	OZ2R3S95	VW3TXJMS	IX2H5BFN
JX0ZBCJS	AWDNL9R3	LZSBROG8	T5SECWU5	1AEHMW8M	J6CWK2PR
RN9WIVSS	CAS3OLJE	3K5S8CFO	5ANHJVGQ	ZM7RN0BO	RV6WGQR5
12N4JU88	X6EVJJUF	MOAYNAY4	V0W4LJZ6	XIJK7HS4	MATSNQZX
GOCCE4DE	0TRFWQ0Z	96BWKL3I	1UU7IH7F	AF6DQS2G	QMS7684H
9S2VBXM7	HUNB0PVC	1K2BHF3W	JXI0PC0Y	F0F8I9UC	DCEN4PE7
9CNY3Z6V	IU55QUMJ	E70JNA15	22JY0ZKT	3ISCT5LE	QJ8AB381
9LM99YWD	BQQU1CD7	JZWNOTV7	R2KNC52K	CDOWW2T2	VG431IIE
FBORAVCL	45ISQGFM	OE1SW8L4	7P184AVY	0ES97O35	ZJCA6W7K
15HRWT0E	DYBL042H	2EULDPBP	60VN7KYV	JVR1V06D	LOPME5CN
HH1J2G8V	BQYIQABK	0BVOUSPL	SUY8I70N	UZTBWRUN	SQ2Q1JWV
MEXSB3QF	NI6QX257	CWU2UM4O	GSXHF9QF	9P71U7BK	TL2DXBPI
U41RXTRB	45C4ZE3T	0W75J357	G17WQMBD	1PBD7T4I	459WLNO1
RWSMBK0C	6UFK3J9H	7R5LMM9J	I3ERBXTV	NJZSE7EI	OEN2ZS74
N4MFHQM4	R8XE3NJ2	U0WI2NQS	7WW5AKYP	MAP6QBHG	31ZEIT26
UQ24KJ8S	FWKJA2RV	F422DDR2	M44M4Q0Z	C9GEV8JR	Q9T9XESJ
DSNV9A9G	EYNMT2TU	BIFX3O7N	RML2G547	DR7R4OCA	G3WX8M1K
XY1B4Y2N	A12333C5	JBRN3JWR	BKQM19M4	7RACL88G	7NMHP3WF
TWVMTXGI	TRWJ7LJ3	R2Y3KEY0	4UOPF4RU	0XASDH0D	CPYQSU1L
0SN9141Z	H1B1XY57	CU0KEOP0	6JWXKYUU	2ESZ852X	PE2A99Q3
CF96H3OT	ZA7XV846	QQ7AYCRT	2K9R92LF	5WOBPZJK	4ZJMXV3P
HOZ0F5D3	272S8CPM	JE9VLL5Y	S50A25Z0	QGR86YCG	IMM5CQE1
UZDZEWXO	GMWFKQ2Y	PD1VDPHK	E6SZ27OH	4TJ52TD0	7U7V8J74
6N27EY3Z	FXM4CN3Y	ABWAZJSL	YF7KEBFT	FJ2VZEH4	EGDD7SXI
I5TO8YM1	SZ70VT5U	7VCDI2FL	ARGYMIF3	2PLE9G8H	GXOCMHQ2
C7BI8XZ9	P5NNLAXW	RERCK014	CYMIE33W	CE2XXJAX	AUVUP5G4
J9E7LFGS	EBB9D3Z2	KG5V5AC7	7PEKB8H0	0XQEUMP5	N7O5MCZC
FL6GRXUL	D0X36NUT	MUJ07X0O	S44OADU7	WEY1AV48	N056G9TC
HJYWTPGM	0TWNFDTZ	7CLQDEU1	XPUZXSXN	RT6FRLOA	3KFTIWMC
QQBRT6BJ	NSF4E59V	AB04KVME	0NNNUY74	7O8UMZ0U	YP3F2IDA
YQY8S4XQ	UR8JGX8W	KV47Q23W	0Y3NSQC1	FYMCF7XK	UOFNZN2B
EX536QEX	4IGJE2ND	39ZX7AUC	28QUK5DH	KYLRDDYY	TLPHNP49
EDZM0SEN	2LTNUNCX	MWLWAFL0	T1WYYW7T	81LMQ8DK	8XAU0CJO
FK1JAH8N	PG64WMPK	Y24OGLNZ	0Q1A4JG4	F0DR21N1	HVPUZKF0
OAEOT7KZ	GFT80M5L	NR1S4OVK	YXEJ2DHX	7CK71QV5	HA813GYA
AF6XMTY6	71TCROEN	CBCLNLT1	MQK5PW3S	S3GAV0NZ	L7QBXD94
EDKIKWGO	MPATITTQ	4YK3UQ2D	WEBHQ779	X9LGPSQ3	PFDX3XBQ
HB05HQMB	1RC138WQ	429SSMZE	XUWTG301	RCZVX9VJ	ENFV3C5F
8PREGTPQ	V08K72TP	QETUN9IM	6T117W24	I3VIG4Q2	PK2RCIKF
6210VFRH	NH1C0M4Z	E5Q7IV32	OURK9TTR	QOWALTRF	8K8ID8SP
1T1LVEZW	RZBXLJS9	QZ8F9834	BM2MCHVM	5B4GN876	LN3IY96F
P7C7U3CL	0JOWLXQG	19HJXYV7	ULMUO05P	YK83FEO5	FZKE4U2B
FE3ZQRVZ	FPNP8444	8Y0XZJ43	PWIFADX1	YXEDBX67	2SV7OT8E
EG791EYT	CMCG6Z4D	YPIHXNU9	1IC31H8R	MAX9WC10	RXRP9VA8
8GQIRKS4	BFV2WBYJ	HVXXKINA	5R995KB2	1C9HP4VQ	D9ZOS6JY
YWDWC52O	89MC2TWI	FP812HC6	VOIUQDEQ	V98ECOA8	7GQKZUBR
KY0EXO3I	LUDWSKOH	84D6RCVH	00LXXWDC	IPKZ3OHI	TT4MMYEI
G49HJT9W	1NENYF2P	IR1N8988	MK9N502D	9X9A5RYG	L68O2BN9
K9LWGBDM	1ALEWEIY	6Q4SPMPW	23DT5ART	AVXRCOEH	12ET4E3W
GWFNJNN3	ZCVTX5WA	YYZFS38O	6P7DCCU1	A4I420CB	R98SQG6H
GVTBPVRJ	BTCY9J7X	HRSLR3HI	F9IB163Y	NH9N4IX9	PGXYP7K5
GPPDJZJE	3YMQA4A5	UU6BQAET	3BX28QCR	2K6AQAFP	BUXGQ8BZ
BCI1TU5B	45MVUTZV	UE1AXROT	SXTN5V9E	5TPPWG0C	HNENCXLU
VPH2KCNW	VTR687JY	QLE03N7W	QF6TIBHP	S2HIFNJ2	XI6G3PRC
G7SV67JD	AN96QWCX	ULTEFRN5	STR21ZE3	Q925RK1N	8LG8LAC5
LJPISX52	OYJL74W3	WT1J5J7Z	4XB9ML9M	5EU7D2P8	806YB01J
5LGI20SN	LO3Q8F0B	QXSSLVWC	C8WI7FGV	HUZTZC8M	TSRC9N7B
7CDR3Y81	GBC0O5T8	5RQS4TIX	LIE18GQ3	IGW2ZZS7	4HISPO9M
FBVLKXGW	INJEUFHO	VTU5SP92	AAXNONWF	ZJYVXTJD	Y3B6GNQE
ZHVYPZVR	5EENIAYN	2VAAUEMR	ARUKE3E8	BJUGZTAW	OOVMOBVP
XWFL3B6L	9JIBV9EN	4G2ZMQJO	Y2OR6RO7	5BMP7TEI	H0ZVS9DT
V37YGCPY	WTGQ9P8D	4280XF40	W2P2T3Q9	6ZI7KFM6	A6W9YF5Y
I4E7X56P	D64XE800	JRM0YOTL	FG7U9637	SPW5YKXN	MQXS4ARZ
9KDIW87Y	W5C65I1N	VUC7P7LU	ZNAIQWI6	SZBHIDOA	QOJXUZVI
BZ0EV0Y8	TFXFB855	DMCD01FH	WFMOKEF9	DHJFCRDX	WUAF8LLA
VDQOR1HC	BSGT90E8	W7BE1GKW	MC0IO2KN	ZRPY033P	0VFYOZFW
K668EP0D	RVVAQN85	98925MCS	EXK7U066	KJ96KLHP	BGNJ0VWH
YB4LY0TA	88UNAIV1	4J6XJD41	7D6QME4P	ANLVNIKA	J1C6REQ7
DJ976UBY	6P37SJSZ	FHS8FHU2	XFZ8NYAE	MIWZIXJC	POSR9V9H
Y35IP41C	3S7XRQOI	YKVUEJ7V	NAKHKX1A	11DR1A0N	7DI8NZ9O
AB50U8TL	U1E34EPO	6O8NBF14	T29JSXMB	2OFU8LFX	6T3ZQ4XK
1T1K5Q0Q	UVP7YPP1	1RIGUE8Y	URDB788F	8U434HXW	7S3W0R54
UDMNLG4Q	PZ81WTBF	DTKSKLE6	CMKCG0KK	LZ4LRY75	3OSJ5K2N
95Q3Y6IK	IAXT4UFZ	7O74ORY4	AABFUG3B	25F30DD8	CJ3QDWZ1
HTIMOC5P	SMQY22MN	XRIU9N4N	IGSZKAR5	1TZGB9AO	RCWAITBC
6MQQBOWS	HFW9RT4M	50GUWYCY	HLEICWF8	G8KAAPMM	KN4H2IPF
OTQZXJ01	WDW7D941	72QX9J04	JHSDIILG	TCW5Q8LG	TCZNNI4H
2NYUJAT0	5RH80OCL	8EGT7ECP	8DW8HY9R	581RMXZ3	F3B9HK3V
8CSME6NC	Y3OS7BHS	HITCSA0W	I9BQWDIK	9VR3WGP1	8NQ29N4W
Y5RI76TG	N113LXH9	3ZK81Z4X	6HQY0UAN	K0CBTO0O	N53TG9ZX
VJV97TCU	IKXZ0K3D	PQBBFHRX	DYOFR7IY	K10DXYXW	AJ07TCAV
5BL4F8K3	TCRK6P0E	WPUL5UBR	DLIY8QVF	J1ZL3E2X	CAFQ4L56
XS6NWVS5	5Y25HI44	VPS9I00H	UMC6YP16	K0JPQR7Q	ID2FSZBC
UC9R7A67	4RU4K5TT	7G0N27MY	ICJVGFAU	R4YFCUVI	DYNBBTST
LY7O9K9H	DL9OD4QB	IG6AYL73	9LO5OA3H	B80TAPDS	0N931CV3
ZPY214OG	X3YO3Y0Z	DP57KK5O	JWDZITO6	JEIQY0CU	N17LXJ4D
4ZND0HGQ	61KV8L65	J95MNWFH	BRBPC7LP	JJS32ZLJ	RDY1HLMT
D2AY1R3M	E2ZN11SZ	PK7BHS9T	CSSAL4AA	488KLYIY	6LFRZGJG
C7QP3578	DALLZYGZ	OKU417HY	A3KXT7QV	DGLYCW1D	Q3TPXRKX
4SLLVBJR	96B6MI5F	VRG10Y8N	QEH8QE94	DVPSA56B	E9SS2Z3C
D3W8JKR0	NQSAZV74	68JI74K1	TVLZ6UW8	28S8CAVO	S33J0VVU
ZQ1UBIV2	DER3JG9Y	Z9EK4Z8T	XUVE06TE	5JA5EB3C	QHZF836V
IOBMUBGS	V8YEGET7	3K9CV5D5	9T5RLL8P	BICQT5A5	RHW25TE1
VSLZQI5D	E2NS7LU1	G5D6YUSG	IEBQ18PE	8ZQ822QS	LIB6R45C
VXARKKUF	22MHSSHK	7A71FCMI	R8HTTGUY	6W1FM4T5	XK9UCPK8
5HNYIKT3	00RF7S7Q	KQGZL8HL	GKFPYTGE	R2FTKKLP	MBVDG74Z
X4WLC3W7	RINT26FI	N7E8WGEB	IA69RD7B	4WRZU6NM	GYSGX54Q
PB6GP2VO	OKW1L1CX	891HT9HR	31CNQBJK	KF8LPH3B	WNO9Q9IS
YYGUASTZ	G15Y33ED	JV5IA9DA	JHSLDI4W	QBGOPYIX	RCOX3DIQ
8HDHAY8Y	RLV2EDTD	4MDRCQYW	IIMR5NED	KF6V5QCV	B71FD5OU
OMMYCY06	381PZDSI	IN84HE0L	HPNF6AOU	6DIXM7GA	47G12C0X
AGSKUFLG	3M376HVE	BTDRJQCD	94UNW8UQ	UALUD9JG	4PPCQ791
GXW53SOJ	F28FLC3W	XPHLQU5U	Q9SVDAIP	HS7VY87L	T3W1NGW9
GGZ3SNSE	BJS2KBCH	WCB085EL	WDAL9RBA	D9X86878	0LF11E92
CMX6Q2PM	3PPV2P5J	88UG8AY0	7HDH8FD1	VC631HCZ	9GBIE8WA
EPFUIRFS	5XG58PSK	6B40BVSF	8QEBYRH6	ICS37KF4	J97QG5ZR
ULZBBO18	CN61P2GW	61WU6EOJ	OMG2BI6F	9VN8GUTE	ZAZT0J4Y
KQUJ1OQ5	VOK9ZHX7	PPAC3H1Y	JWWNT6YD	H26NAGZO	HZYFZEA1
ABYEEQEK	3HQD7YDR	ENU4F9TL	SZ7DZRSA	0099YMA3	UNN5NZIY
7OXMT79U	RJFJCCKY	6RB113YW	T80AY57N	NPWI6GEI	U72TNQFC
9K5C5SQM	XX5MQWF1	JI9F5N58	K5TQI8W8	S8VZ9YQ7	GWID2ZFC
X0936QAY	JLCJX9AI	305SOBSD	HI3IDL4M	H0D00SMV	XE7571YW
3MF6F5MN	9P7BYQG1	M37UFQXZ	5R9PN46L	2ZY0I70C	3YJRQZRU
J2BJ4XPL	5EIHWHH2	XNSSDC8B	W2H1C11Y	AZ1EVF1C	6GVFLIK9
EJSMVPCE	16721O6M	TF1XL4JC	LCMFWZPZ	PJZQHVI7	QTGN1INL
LDHLF8SE	QMF4LXVA	370XNTTI	1RC80QQM	MC6DEMN8	VPG1WCSL
2DMZO9PF	GC641KDM	U7OXSXXB	UZPMQK4D	8TL0KHJ5	9KTKG0GM
PDZB8E4U	ZXSYTJQL	JORAA249	OVYEXJJQ	57P6N7NW	QFUJDPUT
WF804FE8	YYB6R6IM	NGABYBV2	JC88GBWV	6IDCOE9G	W3J9WLC6
B5A00M3X	OJIENAF9	05CZW0LL	ST1U4YAZ	8MMUC157	I4AI0C89
XUIP2FYW	TXANEUNL	YPXT8OZT	BJCYPO57	IR3FB55G	UH8DBGKH
5WB7W0F2	1A0K7ZPP	YSJ4QAAC	7QI0KSJI	JA031X3N	ZL6YDT65
XODHKINE	QKGZCSXR	VDVGR4YV	5J90D92X	Z327TCWT	REPDBR8O
6WRVDIM3	0HH2WSEO	ZP0ZPKMM	XZLGELFM	8HB9YZG8	AEN7GT90
NJZFMOF6	BD9AWQ7H	BWP95R67	052MV8AH	KJ1PQMSE	USIUWGJC
ZME383QD	2JXCBJUQ	79O7KSIE	XPGIXM7X	XK6I9MSA	NPBOVIIT
V69JDE73	R5TY7BWR	9K3R6TSF	CAZEXQZB	JHFB38RN	YL8VGEEM
HB3Z69S9	99R6FOM1	DYZOSO1K	4R9GAHCC	L5A1GJJ0	IDFQRI8L
NLVSOZ3P	B9O4DINO	5JQH4J70	7WNFZ0NV	E5SXBA7O	O6X4SRBS
SL76RDVQ	RCYPY1DE	MUEW9O9F	EN00AF6P	AVB0Y14L	1WD2F16D
G20WQ8O5	6T34F9T4	IGV9341U	MULMQ8RG	KSCH3PES	7DTAWNHP
35GN8UGL	B58ZKTTC	3Y1S2QO9	7FLZX74F	JNLWYZ0C	WD71D3M1
H8RGYWMI	TS8ZP0XC	0KCQERMF	K9KLG9QW	7WPHZV26	3FHQUN5K
8WZSFWAN	DOYIDGTG	HEOXR78L	NM4CM5XZ	IQI7F2RP	U0RKBAYA
YZAH6M79	FOWDUJOY	HNV30OVV	97APX7TF	0N69RYSR	OM4XHXLT
N0YBVHEY	KQ4P0IWR	HRSXSJYL	1W2RVTH1	OAUFNAAD	Z0SJQH1E
T5269QZ3	ID2MV2F8	ERHECNB0	65NPUWEW	C5JRJY9W	K2W6IEJT
INNEW4ZY	69A3MBX8	NEFMJEDY	5ZTQYDB5	8XEYOPSV	DNE8GYIJ
A4AX7EX4	P6QCY7TH	P2XS7BKY	IQ6EEJ2V	4EQW1T79	IBBFUPRX
Q4IC9ZDZ	AJ8BZUOQ	PE1OA2S9	QM991DTG	HTYU35HF	T79WDF1G
O5UTEZJC	GRRFA0G6	ABWGME10	W84O17VT	2VIR8AU7	EA4BVY1P
F8CD09GU	EWW4H3L5	O8H01WM5	JU70PELT	4REAWYZV	K6G9UZ1H
5WVM0K0N	NQZNK64U	71WDF20A	1T2LLBA7	36VKDZIV	YYCXR020
JGUQOR0N	Q774SH07	QES0MWQR	NAK3YQ6K	V8FUPCJL	3XRWCR2T
06S2L0YU	VYZOHK1V	8MLBI5D7	SKIXNP27	XKT6GWU2	HLNZVFDT
6XS3W5VH	FZIJDQ02	NHI6B0ZF	Z3G4QKAN	8WIYGYMQ	0XEM38AN
1ROOH65P	IDN1BQKL	9J4H80RW	9RSJXD14	1TF4BFGD	SPSF4VEO
R4WJ4CHR	JUHKATN5	YZ81QEDE	FEJEHDJR	9DIU4O54	NI11X2UB
XMOJI3DR	8667CG5X	ZMOH26EY	N3L7MJC6	Q2X0N6BG	UY2PJ4QV
0THH6RPF	UY68LIRP	E92N3BLW	HSENKT7W	32WVF2DU	W8T3AJ1E
JZIXW9LE	2SBR1180	LHFDKEIS	J23CS8EV	W95VTD16	9JLEQ1I4
MNULW937	LYFRFWRZ	F3MQEPE5	BYRZ8EEO	JXIAS8J5	4X84N76B
JUFZ70W2	7H26GO24	W9D87XDS	0DA9J93J	SXTVYHEQ	5061VHJU
S98NJGCU	5FXBMIB6	QRLAQS1M	MV29JHAM	J133HPIK	O5U5YFGZ
1N37TD8E	FPKYXWGX	WJFIOM9I	M33G6N58	BWQLQ9SM	HHPUU3IK
NRN6L5J8	RO0RZNE0	EU35VDIN	0SHX01XM	5GO1UPD7	QIZ9A089
HQXGHPSR	PJ57R8Y9	6ICV5EUH	MVC35PNS	MOGALRF5	GTME5EJO
XSYCBW4I	58X9FYVZ	N4XHQT37	F3LOOH6U	OA35QW0G	XS5C8SHV
FEINQMTH	6SJQACRS	1NTX07GY	M3BE74EW	0MXR91F6	ZPM1TCPO
87CZC87G	SQS12ZTR	QUK3W51S	YG7ILJYQ	GFWV77OK	6UOKDNZG
M3XIFME0	MLS3HTQ4	5WTGG2BB	T4DC1AHU	VRHM8VC6	VOUOUJN8
WPSFTEPN	5J73RK0T	7UE52EO4	EOUADJCS	630MSZIB	Z0KT9RQH
ST45GH9H	4DT0IH05	Q9P9OZTH	VCZZKASK	CN2L51LF	I4NFQRD0
JREVA9BR	PDOVU09R	T7BMSZ8M	ULXVB6WG	USQVMGC5	Q6L8IOEY
X8ECXS4V	MFHBUH5Q	N4CYQRC5	6OT02994	UQITOJC2	AFXJUIHP
OBPMUE9M	RPJKPKHB	DZL7HTKR	5LH4RQPI	Q9778WEO	I32HBOGP
9XEK55ZH	CRMDEE4H	91NELPT7	SHZW65FC	PXFBNFG3	ZU6K4M34
CMWGW0VB	YX3DB58R	3VHCV2IO	NL60XL1H	7WUOZRC6	MGHFNYBJ
X3AZKH5D	92HYWQS9	CCEED5UA	ZYBB6QWM	LA93VK6J	BBXZGZBG
N8RYTKF7	3WPSE2FG	LG9CHLJB	HPV3YIEI	XBISVVP7	0M6BHERS
73JADO5R	OYZOZJOI	TIP4MOH0	RV5N483N	XHVI8I30	LD1KJ4RQ
C8GTQ0V7	PIM7WO0H	GVFQF447	5EOFDDDM	MZDFFJZC	6R5HKHA9
16AO82E3	K56KPDRU	A893ZUEI	M7743IN4	SZCNWK5R	WP20EA18
ZKVXRY1V	KL6NCOKL	56ZCW4XP	AISRJPIG	QZH1Q2HD	AS9FM0E9
SBLLV8HS	VTIGGPIE	EM3DA8DN	MDJ2F9PW	7GHX34JH	TS2BCSLO
2GJ1A64G	6OBVA1CV	MZ4QBGP5	20RLTBQY	9P0L7M5R	MJQL9PYA
9LMLULCY	VSQD54XJ	3SGIAH0E	SEAZ4Y7Q	PNBCX7GC	V3AY307Q
VHPLRZFM	1L9GL37A	0A5NPGCY	81VVUGOQ	TB89BK2Q	7OD2KZVE
8410G4GO	DARUVCOM	0F5YTG1E	1COM9R2Y	KEHW304O	115FOJJ5
AKKHJXOC	X6KRBFJ8	SR3YDG2M	N9FB1P6N	JAH8V0JG	W31ZXF70
ZVPT2EOG	ZK08SK6W	SYO2B1GB	0EH8RYI5	MSNLDDKB	GMSJR36D
AY4MFYZW	O8NFUZ7U	F6FXWMPX	4HF5ZO8D	3KVRF6VK	2JRZZNAU
2742QVN4	XJ8PLT9V	E8TWOFGX	C3D29U3R	XIGRBY28	93IZAGSL
SH4XM6RE	NAI4L58Z	C8UGZFCR	0O62CUFW	CHX5OP0D	4J022MO8
QG2872UU	FKN3E1GA	C2W6OVYC	0M8IV0IW	55UYE08N	718KUK1P
6SIJJ3DJ	E1BV8EQ0	14ZQ54ZZ	CJ2V503X	MLG7IPCG	BAED7LJY
FUNT7Z84	4DC20MBI	PNEOC8I0	LDUU64GC	ZJVXH14Y	OG9HB7XC
QDJMRJ7G	DOIJLMKF	Q42TNUNO	MIUJBTUP	OW3AO95M	38DLLPRI
MEM4JUGQ	0WTYDF1P	UPKFGLNX	H0MO14WX	MVX0KQXA	ZQ9KOHKF
A35H6QV8	2MVKMAG9	OU508TRB	CZHNAZ2W	4PAJF009	78WKHQKX
Q0AIS5NP	JT6O9DDT	85CIEPPK	5OYBFRY3	NPJGSDAL	ADKML1D6
M4VE1Y6U	W5QCEBQV	SY69379O	V01NFM6N	EWGFX4XJ	2Z8EZEBZ
N3D9JC4I	4E5CQ7MV	18ARAZF2	79C9WWAP	LR15IJ1Y	KUDRO84N
T3PBTDSW	HU461WXM	NELLT53G	8OI4M9LS	YPZUSVE1	VBZVIARW
YZVVUHQ9	B3KKRP11	3USSHGXY	GJWU7LZ5	913VQB2S	UK6T4K91
UUDUCSWI	49JFREJC	0BB0KVZ1	IJIRVPTO	TXQ7MF9Q	8PLOYYT9
SR9A8UQO	NTKQ8M9R	S05GDKTG	1TVFA2J6	DT68VRNY	FZ1V8ZCC
AQ5IA1OF	NDS2IN14	4TXP7BKH	IDL1Y41C	9FCHHSZ6	91SMJ8HJ
KB0EIYOD	M3BWAUMC	OHTPH307	HN06G77T	M5C7DHN4	UAFWS0OD
D1S1NE2Y	U5IOES8F	4KZ7DH7Z	TSCQ1MVD	RV95IQ9J	L30L4X59
SA8COH4E	6YRO6P6S	CFE80QAQ	6RJ9T15S	RUJ4F2I6	4QE5MVQ0
DHEG253Z	YJENON75	NUIY1M0M	GCA891XG	WBT94BVU	2J297Y2Q
HCLR0QTN	N2FVTQA9	NQ8WW53O	QOAHU3H5	2XY2NQAR	GLWJJDRE
1G3K79GL	49IWSPXD	06LVLEH0	DSVY9MMX	X4H0BCTI	IPT4L02P
HF5ABMFB	OUUTBMS6	X16C9YQ7	ALUVRNKH	4LAON9TL	13SQM0TL
D377T6FT	T2ARVXQG	VPR5HX69	Y6HM0LBE	OA6YVP4B	LT5J67KD
Z5DOD56I	VLC7OXLA	8HYCFAQS	VL0Y9K9W	6Q93Q2VZ	LDMDEAD0
N173H0OE	SB5PKP4A	DJMHS619	7EURQTGN	BKXV83ME	NTC3XSU1
Y9PFY1QJ	IXD2ZEA9	N1XLSPZ1	BVREO0IG	MYN65KMW	8FN579VZ
W7A4XLDJ	W5KW0MO9	RZOJEKS8	I0MKWUIS	POACS1AX	STHT32B1
7T1H36DX	CCUUM138	VI7OZ9Z3	NV9XR1B9	LRV57XWE	WOT6DAKH
SJAGYPAH	VTU4OT0R	I93LE8G8	O06OGHJQ	DZANP4L5	Q5WVH2Y6
XEM5DG0N	MEVKIYDT	CZUC4FCZ	8U0W2LNK	MCMZYLDJ	UDQFSHVX
N55NWK8F	CP5A0LTW	PVXH8FER	WLNO2GU5	LTO4YKAI	5FLEYVIV
VRNUIUG1	AQU7LYEZ	CVH0ZZ2V	Z2CUOX85	I1PKSCGN	Z8S0TO1X
W08SZE1N	NIRGLSBO	WT3X1YY3	DYEL4PNF	P7J4CVJA	FBWFKI2R
V4KGL5E7	3LH4YXVI	J7P652P9	2MXP9BAG	1KE0SV7J	RIDMF4ND
2L4J2JBM	GH0JY51P	R2Y9JECL	GDAE6B57	SL9MX11M	4WRI3KWM
UYRAOQET	6T8DXAY0	D516R860	9PSIH28B	D5W1IJKX	BEEGWXCK
672CK9IJ	JHSUYBKV	SH2GFDZO	EM5HLY91	PD5DTKZH	S9YYYSO2
WV4BX1YA	C3JJVR09	J2XE62NE	OFE5DCPY	VY05VLBE	BLFO7TBY
DISBF7JF	GS2HG5G7	TI4X1TM0	RKZW7M0L	VK68YLHQ	4289IGK0
O91MM5JC	C2ZC6CT5	5O99Y6ZQ	5S3N7SBE	VY9WE28J	K0HZKIHK
RDA8BMHU	FSD6BUCS	HR63F1IK	ZP2VLKNS	Y51OSALU	4X26DQAC
ATE3I5WV	BMGER5PR	5KZWW1OS	UD8N420F	AMYBTECG	2JNJQ0RS
RAF47FUE	D4P91832	BX5GQ0BK	CZEDZGJ5	1URXZX5T	50LGW0U3
9YHZA6EJ	MWQ0DQZ0	W5WPUG9P	RT8RB4MR	3ZF6IAEZ	IDRZGRWS
LSEKJ0AI	OO3HZ3OV	0WB2ZB0B	SA136PS3	AWJIWH45	4C3R8TQB
KNQ26QHS	BJ1MV449	LN4QRW4H	GI2C1EVO	MM9VB2ZM	6WPOVQ6X
P3VMJ7XO	DRZFGUDT	PZ1WE6UW	KT7F7V8Y	J3UPBTU1	Q7KNAYS8
3AW3RFKP	TL2FTODQ	8UQ1GRIT	B8O2WXO9	OR0SFYA4	B080ZMUM
YV24FKQV	JBURD89N	KV6EL83C	FZT8361V	NM627XD2	YBT78LWX
M6L5O7M2	FB0VGAGJ	EV0L7S7D	6YVO2L74	2N6JEAS0	1YV3VD5Z
9EO7MDJV	DWXAFZ4I	XSVIGWEQ	QNBJA6VN	YBZTNAJM	HTVIVXXE
8Z4NPFBX	LRUYKU9K	SCLJSL2O	XR23LAFP	LXNT7EVV	PNT7IZNO
NXIFH5GW	R4QP3VQI	C7X8XSFY	4EUFJOZ1	YCZ7ZDN4	PD7RZ3S0
7QEAVNJB	CBLAFIF4	KISH51KD	ITWNZBBX	T6WFM44Y	SYMZCHLN
EH2R9Z5Z	PY0BT93C	L0Q4MJO3	U9IS9GKK	SEWXV1X2	1TEJFRTC
4CRPOGOB	0K2ZV42B	F7YC0UXV	KH13F5NY	0TF7555U	ZT39XSE5
AKKPGY0R	3R2CA4ZF	9WU2XTMK	QCDV2WZI	9JNC6F57	ENV6HIMJ
R79RRPUO	KBMPY2J8	IX7UEK8R	4FVQ6MHV	DVICN5SF	SV58DCGU
MEA9L4ND	OC07JVYJ	HBJR5B1W	BJ0MT68L	GVCCYEPZ	79VBWZ0X
65419CXU	MXR6B6PE	OPCL3XAM	MMM1N609	JNCW1V4T	DCRZ9A12
3A235480	Y7CTSKR4	25KJK83S	O5JD5VIS	B7Z5RPQ4	9OMOVWMM
E365APN4	ETYI4P5V	RHP4U7GS	6DQGV8JP	ZHFUWGDY	W781KF2Q
B577XFT2	QVP0R97A	K5Q2YOZU	AU0UWYHP	SNS7FEK3	4U7B97JP
AV3OJO7S	A7CDG397	9YLMO4G1	25S7UHBZ	NGLX5QEE	O6U0OLYS
OPA61BND	6FD8SY91	SP8M9B06	HHXK7IWZ	600RYMAI	ZRHJ00KF
7GUYYBUT	P9FYE2EB	7PMCENME	N4CNFAR3	J5E6HU8S	BWGLVGJL
PHTIB7B2	R9NIII3R	L7P15NR6	T8RPIJWP	M4X4XL3J	QWYV88RH
CJGG5PZX	Y9LBZ3V1	317RUR8R	ZW3Y7PJN	YFO1UEDA	9CMWYHWQ
REC5W07A	YJIZWJCX	CUYWYWV6	9A1OO88N	88DNIQZV	NOMHENZO
9D7ZIJUF	4XDAAIEH	RQLU5MTY	2516CW71	W1D4D303	JOZDHY0X
2BM9WGMY	DCR1NVGH	N6PD9024	I1HJJAON	WBUJR5TO	GOHUBC6O
MQW63BAS	K0UHYIC4	KZKT4VWE	3QQ9CAMS	PY4FSMEN	O82VUL0O
WUOEZ8VS	PDF1FNNG	MPSS3WY6	GELNBHBS	S72KVRQ2	QWEBRG2C
KC3NE2EI	3V34MOXD	RHZOB4FV	NLGLB7GI	W4VBUEZB	4GPORBW7
819Y6EJ4	GK10A06R	VRGW4GT5	TUCG3VLE	T132P03Z	OWTJ3PUZ
WL5QIDG2	CSB7IV9T	G376MJUR	2O9EO9AL	A9KG1IKY	8Q4IN71D
K5O9YPEC	IAM3UN9U	49KF9XGB	W9ON9SV1	KMFX1FZH	O4G0DR7F
AEEHIQID	Y9AZ877R	95BQI6WW	1HZPOMBE	EIIPGYV7	E3US978W
2D7R0R1K	8LG240MB	7Z135Y0F	K2VWXP7V	0ZQ9PSDS	OYSV5FLH
J1465NQS	XAKRXE75	DXEIDFWZ	I8LE50UZ	Z3JZGPMC	Q8WMBSAY
XI9OXW0O	IG89PCPN	EGBQIMFG	5P7E7J6D	P7RZS74L	KH0MPTCN
SKJK6G5Q	C0F4MM68	UOTR9Y0A	EY0TMQ4E	U5E5A91H	STD49A8B
A9VN9ORA	IOA9EH3E	1V789XDV	OBC2X3XS	2AWTLYTI	89QZW0J5
1A2JPIT4	IY9PUAEB	FPV7Z6WW	FCURP3TK	YQV1JXDS	AN5T40EV
0D2VOB15	J0BEBI10	87UVAOKF	8XFYFYE9	JHY9196Z	REWX6SW0
LEH1GVX1	UNU0F52B	6Z4UNC4M	R0EZLM7Q	LUO9RQCG	BD8LR1KU
4DDUF8K2	M7RFEKJ1	002DX09S	G08M3DQA	M7MR31VA	C28IK5LR
ZDNCK19U	Z9KYFFNT	7VG9JZ0I	U85N1HV2	ZOKQM1FW	O12OC1BI
TXVSTDU2	2CHXYWBJ	RFHVN2FD	N87J89LK	8FKKK2UX	4XNKKYRC
06Q0STWH	HAR8A9BA	50L70J3Z	H7KVAPWS	4Y88XRNR	AU5O8Q89
OAU3S58B	TWC29ZLT	GJQAX6K8	RD9NYS3Y	QAJ2WWBN	JP2NEWZ0
R0S9MCIV	IL2EHN4Z	TB3CZMOF	WYE3SHVX	TNU5SQCH	LIB3EFFC
Q0NQT7Z3	K8MIYKSO	5VL9B1KR	JUXVSY61	PKUCKMM5	QW4DKYJ2
E35YQ1LZ	K59XRDQ3	NV0DZ4ZC	YEPRI53Y	9Y8DVOHX	B145MLJX
5VF0J9AM	J9F1GJ1J	NZL5V0OR	YQ5ABW29	FOS42RLM	SKEZP4R4
Y8K464DJ	QAH670J3	DI2BBHXW	GGC4C5H8	HMXVKJSY	PCRPU8SP
7N1OZASZ	E9UZRLLG	SULQJD6G	2PF8I30V	Y045E4A9	VQ72LVUF
KXR9O9RI	JX1Q4TPY	UBVVTW4L	CLZLAMWQ	15UQIC6I	PYVMNCC0
2YEHLQBL	VU9EOQ4P	AW1NIFMV	NEAE1MRC	1RP22T0E	091QC73N
R63BPYEH	P0EDYM42	Z81WLUZF	MIHYZMGB	KKJZ6ELM	4D39844D
3AM15BYD	QW9NBH7D	ZP4C6AXE	B1JDS8FM	CBCP6VFP	JU2AMR5R
7JFT4B8J	L9Y57FAF	AYHMRQ7Z	EMWZTQWD	EPGU0OO6	6XQJIIJ7
9YWDKJR7	IA6CJREO	HPFMHOS0	FR00XTYO	3VD2D9ON	Y4DAFCOY
6LDTPAGF	35IJKYM0	NSYUE0GE	JZYU2NNB	9JG3DPUE	DZJ11D2W
D6U1Z58T	W7ZNA5KF	HVHP66EM	TKKGIS42	9CWVW72X	2HVZF6RB
TS7S3YRY	7MKBMP4B	O2HJ6UUU	TGBUFGCR	8PGZC1YD	P9DSEKW6
AU0YFVY4	KNAO6BJA	GXIKR5YU	MK32NV8N	IH2M9G94	PK6VVL7R
WO2W49T2	7KQQUFXV	QAZSJIYB	CV3K8KPZ	LX9616LM	OYS9U1JA
PCXJOE2I	8J8Z1PMU	YV9L1YIM	BEELA6WQ	1BQGB1XF	Y7N84FEH
WOYE5FNM	QBPDLSUS	OFC19SUS	LZ06198T	RXY12HMB	0EQXP73M
ZQC4CKLQ	HX95N92I	B76VDKIL	CHQNWLZ9	D6Y3RN2A	6O1PFC0M
W5UB6DY6	RC2DHHVY	CE1MEJTY	BCZNWTYO	DNU136T8	QS32VPXT
UDHQ5W2S	V5I4IWB5	15TRNG0Z	FWY6CSIC	PU9SJSEP	4AK1UCCN
HCKD90H0	TSRWJIO8	KFLX7WIJ	4WNJLGHW	A9VCSFKZ	DONJWWSO
PCZHKD3B	JMZXZXAI	LE4Y0Y17	64CO7QNP	YAR1J0F6	X0PGI0FQ
Y4EGHATX	5CZ6KVK1	5X9U8P6L	WM7V0WZE	QSSJZXZB	44MCWGLV
MZ6ZUCWP	Q6F6Q3TM	59XRDB2K	SA63GU1Y	NNSFO8RQ	9EWZVJMM
MLDJIZ0B	4ZXADF24	BA61OVYV	IMZJLQO8	6JYDCX29	4DVNR4NO
864BOF41	L4XOCRGE	V3K9Q6Z8	UR4D1TO2	G0UHG7E3	09YWSSP1
34ML065V	H40XVWHC	8QPSHXF0	SSI5L4NT	Z11AHZTJ	J13MUX97
RALDDSIT	EAP4I7L6	MQ9EZKFU	QOWDAJGC	04O7QVMO	MLXC8EMR
WAN04LQV	5TRMT8BO	L30GMM21	WK6TZC57	KPU9KJB1	3BT4TOLN
WRXZN6WU	MA9UITDD	PGRM80XW	QEUM5HNI	Y7ICQSBF	REOXSW3U
3QOMXYA4	KKXGNTIY	9PQ6TXI8	KZ15247V	TG3FS312	0T9XR18E
XJA7TBVP	LH7YTET5	0TL6ZCKE	9T9IVOOU	PPWZNQHF	GL5ZQAZT
VWTLTPIF	1D0QNCD3	7DIQFHED	Y1SOW9T8	3UUQQULS	FUK5JN9M
E321P1M5	7VTQ2L7W	7U1P3C9G	ZVW5QTWO	GNJ7W6LY	ULC53F0I
F9969ADN	3GSZM6LQ	MG22NTUN	M7NHYX1W	ELF3VFRF	JDQC65GY
8S9MWD5R	QU2R8BAZ	EA306IZ0	Y1B0OSMK	RQO6KIUR	JI04H0IM
X64S8BNM	OPF24VYA	5S96VHGA	YSKWUWL1	VSLC2MGN	V5MQ14XZ
G2IIZ0FS	SINM1WIL	HNYUIPJF	F9SKJNBK	CZT5J9H8	JVX40RYF
EUH4HNSY	F8UCS5FC	VFKCIRK0	O4UZXJI9	JHFOFXRI	D3PGN36H
0JTRIKCK	4TLWPCCT	EGMBF2S2	7V7KFA3G	M1HCQNMC	4K9WKITM
I8KNH3AW	YR8CV1TJ	EC3D3ZY7	IFCODWMB	0N2G5MJE	45CX71AN
U7QHKNP8	4JOFV48A	9UDNSC4Z	2YG0GAO3	9790IKTR	NOX1GX92
GY8ZOV2F	57QKA2SQ	HK0OZQ97	0B8BFE8K	ABZS8UPP	8Q4FXY78
HW9W32YQ	JXU1IM76	LYXYU9LA	EWFKB2ZK	7APFC9TN	3WXDTYLP
4T68M90X	GABS4PG5	B21MH1XI	G5NNFGTH	AQ1WUBQI	3B5XF5TI
6BF5BET1	IOAN3Q1F	YLIO93X3	NLM5NXHP	YJXM8J73	WQM18DL1
LYS9M9KC	2EGO2040	SHXAJ6Z8	0O32XXSY	BIS42EX0	X03834GF
UC4RA7WT	AZQ67UP8	UX6W1HNO	PCTZAILN	CPSDL538	7FTHYVMQ
PSUZZO5O	E1MSIO92	VJA8KMG7	OHN4MFKY	XIRK288C	0D92LXM0
YKD2654E	V9FVSIOY	0Y0M5DIF	DN6EX5XZ	4ZAKIVWD	667RUAHY
M6ZA5DCE	TEDK77X9	0VMKL7E2	XUMK2KFE	CGF259G9	9Q7WKKK7
Y63IO853	MJK3T79C	DHPNVCMO	TLGDLC4P	2YN3EPNF	1U95GV7C
QMXX03JC	U4U1LIEQ	TO3GNZOK	373QCKM4	72V1E6ZF	R1WGI73L
VPIPBT5N	8O8TEESM	7EUXVKBF	Q21F7FHS	PPI7V7SG	ZH31VNTB
X43XYKGE	PWED710W	7HY9RRBJ	SQJFRGJO	B2XLTXZJ	RMRZFW35
NGF2G3OH	WH00JARY	FB0QLF9D	7TWKRPWK	6Q4J5TMH	5VSV1TEX
UAEWCB5N	VPXU97OH	9L8J7AFK	34BWM4ZM	0L3VCCE5	QPFAJZJN
TKOHCMUZ	Q8NSKABO	R2PB7QDJ	HUWM0P0H	C2L5JLU3	RDUP713D
MREGPHXD	P76OWEJZ	VXV7OKT1	4X3GSSL1	45STAXUG	EO0R8QGI
JN4VMZE4	UBFVE28Y	IIHA5JV1	15OYNINQ	IVXECQ50	P6QLMVI6
M2MAA045	ZFTR1013	6QACLCLM	L5PL8ZI6	QG1LRM4R	7XSQSWPF
VDY2L131	XI2LK686	ZVFBB4DE	GEDV5WB5	G0EFSM5U	256X0XMW
5W8B8DFE	81VOJS9G	Q2W3XJAP	C67OQMWS	VZ3GP06O	81HY09H2
XICCNT2E	H9P8AG5J	ETGN55CY	WDOBTUI4	XJ4NC4KY	VXUXSU7Z
BQXWGJPM	55MEF3XD	ZW4IE2GM	XMUO0EI2	Q3WMV1MB	HOI0XBD9
XJ633SLQ	A09O8YNO	UIFCDF7Q	HV3O907N	61PEGEAS	Y75RP27T
N3W5AP55	JIQ6MUYI	H7YXU768	MHFXGF3I	41A1LBVS	NYW898YT
NQ2KS9FK	CKKXPF99	BYJQ7WJ8	8H3SS3HL	MW3A0B8A	HRBYJRQ5
5KJKNSSJ	L2ZHDMES	YMY6AJAC	W8O9J6AB	UXIAUJAX	C9XPM9RB
EEAMY5F0	WXZGJV4V	MKIIOJEC	9MIHIULS	6P2C1BQW	FPAMPPY8
1KE10KTM	WWD6BM2X	TMTC2DUZ	YI6M6FLL	OLD1CKP5	WG9A1TBP
N729RJ1I	351OAU5A	YBB19NG7	1Q2VODPU	N2LTG0V7	7WH7I4GL
DBG6HEOI	U4AZ9XHS	678YBJCS	N7573LJS	4Q2SNH3V	O8N2DP3U
HF8FU1JO	YK8M31WY	FO3MPQCG	IT9309G8	7BROGJKX	H8FBF2RR
5NXLCIYV	PA0FURL5	2X16DLY0	6S3R7VSF	PFU77P5I	1H5Z6QQM
497NHR5W	Y2VNIWX8	IPA7LERR	48B9CXDC	PNMYN8ZP	AKXHENE4
RFW08YGG	09GHVCXN	J2LUTPLW	9BH4OL3P	HJ15E2SY	6R36T0CL
I9OK2L5R	26ZSVYYU	97ITDJBS	9SRSE34G	T6PPO78H	H3GN00WO
41J9XDS0	EDA5BP0Q	PZN2353T	29ROEKIW	R5GVADW3	7PJIHQE5
GRMPJV0X	BSA5VADX	B2PATD5V	4GLYEXKM	3OH57UU0	PVKRK96E
0D4TQH91	1PASVO8U	Q565ZNSC	RKG2K4IT	CETN5J2R	BRJYOADL
QWJIT0WU	OFSLDOKJ	CQQ1952L	Q0I2JD29	T6F2A2D8	4J70P062
DDGQJU2Q	4LKNB2GB	1GAP8IC1	Q79LWYJR	HXOBSSC1	H6IMJP69
UYVAQJF2	U7UTA1IZ	VJ67ILVB	DRHYAOTY	AT2JRKDK	1V6YNST8
PGP1A96N	NWBJYN9E	I872NXV8	DEHDI5R1	KI8WQQNT	OAG26HA9
S69YPNY9	BULZA3X3	AD03X75W	QW5N5WEV	PEWZJ8JR	ISYK41KH
FC7I899C	32L4I4RI	DZ95CJGL	2GDZUC86	X60O2NNQ	P7HJSHQL
1U8ZM4A1	IAF14D72	3PY21TI4	HNVN4W73	BJFHRU6N	O8EO7WTZ
C9RB0533	XF9951ZJ	7WG5GK5T	BHO457QR	HBV07RVC	TPJGC58N
CQ1R0M4J	O2TRVRSY	VLHKFJQ1	BYRQDREX	ZLHMUXAZ	GDBTL8C9
5P2RJV67	6BI1JTGD	666T8A9A	1REVUUTB	INHM9B7R	UR5N77ZE
FCZZONQF	CIFZ0EYP	VE7QKJS2	X4R2A6O5	TBLZ5OR5	WE6WQLDL
V6O4FFTA	JPF6FRGH	99CJTYIT	DZ4H8S28	Q4XOIMNP	KAMUN36V
KER119I8	9NJGK6BU	W68UMTH7	HI541FVC	1JLEP3BS	TS1WRFN6
0MQAHHLX	7M5HRWPG	A756DRUS	ZNON9F2Z	OMK2THZA	BX6EU41L
LYOR0QUM	DTY0MOYR	3V676BFH	0KMHVV16	4ZR38TI7	6TOL803C
9C6XVJ9P	U625YH6I	J21H26O5	3Q90TWSI	IRAJVUEX	VATGI4QZ
NKBWD0PI	UFRRR8UL	6XHKRD1P	WASJEQQ6	Q4FCBKW7	SJOGZFN5
GC3D68ND	BP50322V	BA87TGC8	W4UUFD00	SPND64DB	ZYZFQVZT
GKKYWWGQ	CKBG3T1W	YR5IJXS9	QU8G3VKF	3VTPZRTS	JER1I82G
DN363AQJ	8IWU7M4W	4K8W0XGP	VOGNW7T4	RQVB0DNA	SP3KBQPH
5E1JW255	03EIRL2R	R39PUVMN	RALJH42X	VE01ZQ39	PNJK7O37
PVSMTQ63	UF4NCXQ4	R0HG48EX	MCL0GZTT	NE8O6QC4	W7RDMI8R
21SHSF1M	ZD8OHZIF	MM5S9OSZ	CY8FMOSJ	IRZLDADJ	90XAAM2L
XP9OQ13J	3TEMZXFM	FC51PUMC	AM53N8S9	9JVQX2ZE	8QQOHXH7
RTBC9WML	5OUU3AJ8	FKFIQS71	53965F7S	E86CVTUQ	1W029SYF
R7R31KU1	0CVIZTE4	N69DUE5B	LLP32WCE	X0RUPTMU	J1ER1MDX
OQ6V293Y	XE3IL7P2	Q6JXCTNC	UXRT45VA	6NX2E4XR	QDFJSPC9
NTFJ5H5F	XALLQFZ9	6NLUE5JS	GQZKDASY	7ZUAICPR	N5W0GPED
WBV7ZL67	UD2F6L4Z	LICNH1S9	5FT40X6K	6S138GXD	L9WCJENC
H3SGORV3	NHR8DIVS	NG342AGW	IKUHW9W1	M4Y0Q52V	QX6KOV0N
FUYLVIJY	SGDDK41U	ILBWHZZD	EJADZ0SP	54L199C1	YLX0SHA7
XS56FBMY	8UDDXCN0	3U2Q0XQT	FS4LE5O6	K1M9AMA3	IE15IBW6
L360JSHH	0Z4GQHSJ	2VJWX9O7	TPYQOVT1	YOA4O238	FTFA7GR6
61XF0PF9	JWWFAT0J	QSQWXSVO	7NZGLSBG	N3VMHE4L	GZN8HPAR
4W7VXSCO	KY75TUKE	3V6CZT1A	KIX6L9QY	Q13I919V	AR71EXSW
R9QWXIDK	79Y5FKTW	1UQ6OPE2	WJY8VQ72	KYWQVQWN	0TLARS12
Y57KQA0U	OH22DXNN	UC19TQ7Q	0NF1XKC4	ELGYE7N7	3CZ1SP4D
4IOUU367	5FF1EK6C	QV3C9OX4	Y37WAPS0	XHGVBNUS	ZCCRE8HB
PJNRGDF4	HK60CR1T	IA2KQLJA	ICNS18SW	9YXHXX3B	N6XY0CZE
66HDUVRB	3HQUU5ZR	1AW3GKF3	47WRFS18	9EREOK54	1HGIG0Z5
VARK21HI	0HUR22DI	43UXAVP8	NRD9MN3E	ZBG20LYC	IXUJANA3
49UPY7XL	5Y8AYR7G	Z3A5V0H0	NBBT9OZA	0FE4Z22X	D78HEJEB
IQG6FVP0	VU1KIBI9	EQC6B5RN	C1PSV8TX	PN32YV8B	IG3SJEDC
C24WAMH3	AC212A6C	RXBM7YJA	J6MD0HNI	QW3QB6KU	6EDWZBPV
UZ14RR2P	3TQY4NMA	I1WAQA8S	X5F06FYR	YOKQZKZU	GGSVJTHK
5FCGQRMI	DSHWML27	LIQUGW63	CBLN1AV6	2U5HSM7Y	B8FJG000
LM4OXW7V	3NLUAF1R	FL0EV66G	IYL7S11A	QRQ0J5LQ	LS5DSBVG
ASBH3203	011KVQP9	7KH0M0NX	V1FWTHMY	LAOANGOK	W2MTDBGB
NX7X4HGI	GC6VPFZR	LK2HZXWP	JYCHRCEU	U6PDKI5N	O3I2ZHHK
MQRVPEKJ	RBDO1S30	WI9F0LRE	0LC4KXWN	WSV8GKA0	I85T5YOP
OTROXQIX	YSTLXVUM	8PT0433A	N1GJ4DMD	T61NKUXY	14PL89VG
SUZ3XHEF	61GMXUH8	1I93B56Z	3R0X357H	DYRX6MV0	XHASXZC7
TOPRTGHQ	O1KXG9PB	WCF78K51	K62HB547	8EG01ECO	94Z3RI7U
C5AXJXPP	TQYA9B7D	3VO426RX	X7DNB8JK	2NAJXRTZ	6B90YH8X
FAM3MTPZ	XJ8WXV2C	9TP0V6FG	9OVEFV3R	Q74Q9TY7	K2UGD7ZJ
KPLH9BRF	UGP9Q2EP	1A5A4Z8F	EL9YBDQY	808JQIFQ	WX9FYZFO
0930P2RS	7LAYD1OB	DFYTB2M5	NDEIC2V2	N7R5XKBS	KC3LHWFM
FF2RZB98	K78N6SWH	BKIOASWD	0SFRL5DL	HS246PYF	P9DYADZP
68Y4GDP8	YK3GEBY6	QCY4PGD3	ETC0ND2B	MZE7L0CJ	XW1C9PQ2
GL2ISAB3	0AK8Q7EE	AZPP7F24	NKVP4879	URNSCZ6L	CQ0OIU5E
HJF9U1PC	P1KBB1HI	O7R414VI	J53MQ4DQ	K75HXOLW	FV9S4UAH
1X084MHK	VK5ZMIF5	5LCM1TT6	KF61IF7G	A0I38MOS	TP3K21A2
SKNT6MIG	6HJJP1ID	V357HXU2	M8PNHB9F	9SZKA3OQ	YJ5A7ZB8
W3MU5MUC	8KMEOFBE	44VXJ7C9	UYTO2U2O	8JR00EOW	A356UXEJ
4BF42P7G	AJE1OO9S	5YE4JA57	Q24VH7KT	AQGN66PX	O9FIGQTH
AWL16FPV	RZHD1EVY	DH471WNH	AUJC0HS4	V003PN6U	O482NAR1
GLCEFB0Q	QG3G7HSM	EP7BKTFS	IJQR061D	EYMV7NSO	A47PXOIQ
82GO86D0	SRUEVK8N	N2YF2YTW	FUNGNS8D	L1NTFQWD	M76D39H7
30I3LL7R	S5VWA1EA	D2YB255O	L13YM1X3	DLT931W6	YWXOMWDH
BY7YD7FO	GUNJCBKN	OXFXXCKK	SPSOE8KA	99RUHZJJ	W3H8YNYS
FLU6X854	KM91DC2G	AL8L1XSB	5HOUXKRP	YHIDYH6A	2TR6ICAL
HQ55R3GK	2KKC4JNS	F5RU92OV	6URAY2WV	PKLRV1IH	HIWBGCCQ
C4ZEEB0J	QN6C4NMB	NERA0JAE	JFJQVYVP	VCFCG9Y1	84WEHONX
QS82JQK0	5C8I0FS7	GYXD3XQY	09IJBWKN	Q54HW1I0	VAWSJ6J0
PO1MBHRI	LCRQP77D	O2UT195G	OH6OIECP	8HZ550A4	BZI316MH
OJPRQU0N	0QW70M4W	9CGAW6O2	JWYIQLCF	DFKAMS2W	BJDV3963
63UWIDUC	6EA2T9TK	XYQL8FK1	0R6QNDFC	YYXCI4JI	GD356S2F
5SAH2UWD	MX30B7J0	5XGKSHXI	0A62SQ4Q	WY5J8RUO	ZYVH4HEE
BDBF6QQG	FGI1297P	848BBW8U	21I3M89Z	49B8J47X	3CHBECMR
OF8TWAKE	LH8NRRI5	G4CC85V4	HW34GVJG	M859C7KA	7NYYJEMN
I1RZRC9S	L5ZITPJT	MEEPJ3F0	0TAZ3M2H	Z9JP273I	JBFMD9CP
RV5S11UE	F6NCMI2K	5JZW3IEZ	BSHK4CZ7	AW8Y7JIS	NB5QZEI4
95YENN55	TJ33HG6Q	7OBZ8Z1Z	YPVWX18R	ECEOUWNJ	JEPRXIAL
S11CS79X	L8BL7TU9	E3RSB1X4	T6KW3PBM	6NK9M1AK	Y7PG82BI
MYF4AK8Y	IBUIRVVV	Z3QOB4Q7	5XPNYV0C	A05AYYDY	M12MM6OC
PEHEV141	LCWFC7Q6	TN8KKNTJ	NIHPS1OW	KJ9KD552	NWUI5BT0
AG2ZHP9P	LYRDCO8S	1YKYF6T0	B683BD6I	FHKQ09G4	FBOZY21Y
64HZN148	R6UHJIH2	3GQFFNOM	F3TOYNX9	RFK2TZXP	BUEEBH6K
R2F8EHG8	KVJDR29H	HVSTXW8M	5ONAD9DE	CRIORY7N	8KSIM3KE
U4HTHKH9	UG8RHSV2	MNURRBG1	3Q0SMK39	ON45D1QS	20DZRCHP
392DWVN7	DPVNU0TZ	XXUKCV07	JPP3Q2VK	01C1L7YH	H3SHMMYH
1RT7FSKK	2ZVAZK9K	Y7K8G74H	7H7Q1XSD	0KQXM1DJ	V6D0KAF1
OSL039BI	LDV054O7	QYHTB8JX	LSWVZNAU	E4WLRYA1	0VMG11HM
1TM71WWR	CPH0VVMO	2L0TPNGC	IGGUG27Z	OSCDSZJQ	210FFJLA
A9XKBSKB	LVCAKNS4	576VZBRH	VAJB17NL	JA5CQ1WM	9P2M1ETV
9JWGEHJS	UNYPGFEG	MYVX6IBI	NI6Z4N6K	YFGB975M	ELI88NMM
22A9Y7SY	50QH11ED	GPONRSDH	1IVSTUIA	9GJCSNUP	TYZEVVZD
1ZF7EMRH	CJAWJKEM	HT7UATRF	PFBGW74P	1U0SPWVW	KHMZPAPL
HCRJB82F	8NNN50SV	Z72FSN4A	VUD98RX6	FDHDLMIL	TCPU4L68
UP985I1Z	220ZZWT0	18JTSON1	9J4SIA6A	AVV6D4OM	O6YML5DO
37KDPPZN	0MF0KORV	JM4YY8GU	TZ25NKGS	9OW18VHS	41XKCWSS
2S98IYHB	43SXLMMV	DAA5XVW3	5QCC4ANW	09NAVVHF	SPLHD44D
E4O8I4CS	FQZO8KFA	QBNORHPB	SASQMJ1U	MPTFSLP9	4EDQI2EN
1R5Y29O9	8IOKQ2FR	RXR7IV1W	9RNREIPC	28GI09TZ	95XEGQ66
3KOPGO3Y	DBZWFDQW	W6I9Y0MP	9U8KBALO	66LSFWGU	71DT5X5V
SV8EEDF5	D6JHB9TJ	SXGIRJOQ	YB4IYENH	SR4LTCYV	CW8UC7DJ
LRF12FPS	WX4ZJL3W	F6RT224S	PGNQJ84U	R9S9PC1O	FI7EC4TD
18PSNRSV	Z5Q0FF8P	3ZQTDIDY	FRFO71VF	K8XC1KVJ	O2DKUKDA
5QWJYUWJ	97THRNIA	773CF13R	2KQ4VSIO	VW4NRI8Q	R1EF8NH1
ZVH8YCSM	IYX6KNIJ	W8KD2R90	U3ZMV45O	ZHRSX2JS	5HXG2849
NN2CZ07L	QGN5XT3G	MZTLOSF8	O5LG48SD	6CBDWHRV	NIN8DNZT
4RKCS1VA	SQ7OI6J9	5YWYBUJN	WMXO94EH	I8ERI7YI	VJTL87L4
ZS3OTEO2	7XRQP106	KIWX7AV3	MTVIOROI	3MM14U2C	R6F43LWE
0RTR6UEK	A3XETWW7	ALNGFWU2	3OHS8GO7	1EPPJ9PL	OQM6K4PB
U41RKERZ	QGZ743ZW	CIHHZ42Z	L9X64JP4	HEG7CVMW	EQT7Q3TV
GZPIY9VI	WK3LAS6G	CDS332RN	S6WW2GZW	IXUXEOAQ	UXYASUF9
P2IUZBLP	DVRQ4L45	16ICVJI3	XJYPNCAA	BLMS37B6	GFBTZS38
QIL4HAQD	OSB58JT3	E0ZWZIE7	I0LSGBX9	2LCADQZE	US8J6962
E1XD2KNN	LR38PNE1	9B6TMN7T	0ITIYRZ3	FX5RW3FD	6QH7W6LJ
O9XEYPTV	MD30MUN2	6YXDQQDF	AFBPHRGI	P47CI0LA	FS9I9TOW
PYPPEK4H	2C32M4LM	ZRGX8WDI	5YW0EMM7	61H10L0A	IQN5IAXU
FZ1SXNS0	3SK70QEV	R5L061YC	9PAM69O7	K7BCXYFA	KSGM5WQP
BH1KSMG3	MOZ9QTZQ	TCRSDYJJ	0MS6CESI	KLJ9L6UR	1C4354AR
QL8J600H	BAM37AJT	2ZQDZZVV	1I9BEBLK	5DN2PTRM	D25SB2XG
GXL19H5N	F1V6M1FH	J7QHLCM2	93Y6ND98	0TSCS8L1	YCDCY5L6
ARQTPRB3	TIR9I5AW	M52JNAK0	6LMLFQHX	Z3PXP4Z1	QHWE7VOT
9UDXK458	HZ5230GE	KDN14Z07	9C16957N	8QK0S6JS	2GXCHMWI
XY9Z3S64	FG6B672T	YKCKIUQ4	8XQT2OGL	CXA836ET	0UQT4XRC
POYGPR49	EN2HNXCC	SIERNVGM	AS7ZTKNF	T2KYT1RL	ALKHWZSH
3J7NU2X6	W9JGMNM2	QZ80TVU6	E6I9JTJM	OW3QV1EG	RVW0270K
FXBHUINK	O8UGMNEL	I1WVTDWI	MDFD1K4L	34QCR4F1	TB5W6K9S
TL03JL08	YG3IXDSW	MTWJ4B2S	N1DR83QN	HAGDWAFO	8FLYY71P
BOUNEVNN	UPOO8KZ1	LP8WOU16	YTPXQZVZ	PYTQH1VO	TR7TUFNB
1SJJU5RB	RLDUNWY4	BD7O77G9	RIBC36ZF	VKRGLD7T	GFYO3XQJ
MZ329AGM	BGOZS2UX	6QK57AF7	3ANUKUW3	28WQ9KAM	UCHL8HUQ
PRZR6O7Z	PWQL9T5W	8DOMLLYM	K14DGSD4	8EOHMDTB	IKEFLVEA
RLERDOQL	5IOADQTY	Z7JBLRG5	UHDXDFSX	0L71EPGQ	LUBZ4E72
WVBUIH7U	RGW6RRVD	WG58TDVN	4D8LFW8E	AIDTRSA2	LL5TWPGQ
6U14R7H2	LTNCQ4ZP	5V5QI7XB	FX5ELMEM	PZEFV3DD	NGPCSSWB
XVAL18TO	XX2ZLFDA	FBHIIYOY	03GYBFB0	O256LYKF	9YBGS9QR
1BIFT6Z4	PUIJSN5S	1H209R0I	PV4U1PN3	E6NA2AVI	CKJHL2VF
ZMERCF5X	DR9JM4XI	HLU1Z64C	K65P4I2P	N8592NUB	2EK5UKP9
6G84BJKR	OCRUZOLT	9CO2482K	3SVOCIL1	8U1GC86O	5JEAP9XZ
VP7O1I4T	4LTF93MT	5C48RRRZ	LS9JC8VM	41WF013F	7X26CKI0
RKG898NR	QTCYO22L	Q8E1K317	5Y19H06U	DESJ8WN2	2P7GNM3C
JWQ244W0	M7OA3YQ5	EZW1Y29Y	WJ3GBPK9	6GOYGZ7X	62GB3IF5
9Y8G0THT	DVHB65VO	ITXXUAKX	RB9BGU31	7W4L9N93	VF37A70S
HN7TAJ3W	ZQ3K3G1W	JI4RUSLD	IK032H3K	G78BXWGF	2XUQHKQQ
WCGXHPZQ	3XDMKOQC	9GHYLNMM	4MVN36HB	W547PLCE	5J67DNTN
ZGGM494D	51VI6MSY	GRHCK3E9	5LK1DSDY	CF2U847R	8PSXC6QT
OCLH5PDQ	WVP4DWY6	B70ZDP57	MIU7BNBE	KCM6OHDU	W7AVCOPI
SSPF9UWI	JZ6R67PL	YJTPUDTJ	VU49DU6Z	20XUW4GT	0DCZQ5QQ
T608MEYV	LN65SNYP	MZN50F8I	FFS8JGI1	AJJ542A7	XXR4JJ6F
6ELW1ITX	48K3T9FB	DVMYRRRE	9G45VRYH	YM762RIM	YUVC8CPC
57S3LW71	1R1J6OA0	F1VQULVJ	E9PL4LCP	M8RKOVGX	5PZ4FLQ0
979MEAQ0	2W1RP6LB	FUZDYKY6	AHQ2DYPW	JSMNL6MQ	SR3JD2JR
JNE8968T	3LFYE5NR	LQOFSC6N	2EH5RO2Z	LHTG5G0C	I1OF2PQK
KL608DYL	FY3K48V4	RY9GEV8W	K4DB1JYA	M5P4ZZ44	4ZAAGD6K
9D3401U6	ZL2YQROE	TAHCL22Q	4FRS9ASK	8AJ4Z6JA	PS9TJF95
907XBDZQ	97W600RY	C5CLNY8S	E7RAZ4H9	IM2XP5QN	RONC8ZAN
9OY962ZO	C5SW3E0R	HA6DPPA2	F98UYTOP	QSG5AXMU	AWKIWJJE
UT84TV68	0PRBOMZX	H1HRXK2K	JSWBXGWT	6MU8KT8Z	AUZDM1NR
HSCHHBWI	DQYOVYUY	X8G3RSVY	Y1A7BKKM	7N9WNLMM	VL9J50TD
Z446E9D0	01GIB0SW	MDHSCOUS	3V9948HL	GV8C7QKB	BCJCYKW2
S8VXHP36	RJ68N7EA	XLSQIO5G	JGFI9GTF	7XSF32SR	KBO0A7IZ
2ESUMSXH	V7CHQQHH	E55P9YEF	FQK48XJ0	VGZ4C83Z	RLB2RBYV
H00C2CVE	BCCZYW12	SS4FAGYP	UNOMSBJ1	RKN0UN96	82U0F1RY
OJYW64XX	1EUTQKIO	RRFDL6WC	UNXPWW6L	WQUKNWOY	W6BOOSAO
U4J8VY97	AODL8L6F	HR96X95T	MCZT2YMR	QOGIMV13	SW2XM8YH
RTN41159	PMAFCY5Q	GBBQYCJ1	A4RZN82K	K1JSNQS9	XRGPYMHD
81LTL493	REH5EA7M	EVCJFCT4	3R39WVYV	VDW9KAZA	CCGZFDHE
KIK0011M	8HICLOL8	EVZK4OFX	S1C26BDD	VDU06KXR	1QL65VZC
9AEN4E9C	PUMW89XM	DWCYYA8Z	6CR2O2FC	VTKIKUH2	VOVBLK1Z
MG3GWYMW	SCVMSYNB	F5MKJQHX	60AYXW1Y	8H6K1DD4	O986R49I
B4JK5RY2	03B0RE5P	KTP3NHK6	16GG0SGD	GOCHN6OE	J0G4SGD2
Q7XHAWDW	6TALUKPG	60BPPRR0	2TZUQOIE	00OP7LXK	16PCNLOP
ICXJXVAH	ATZ9OVXV	Q0W23YZO	PHHZUF45	4WJH5ZPH	VX0GP23F
CRLR0XZR	A1QMDBXZ	JF497GIT	JVGD8ZJ7	V7LTBFMZ	SAOK6EL9
UL480JZP	T1EM2OTD	3J5NLLIO	4Q6RXPIY	CZAVWK9B	OG60FY0U
IYEDWYJG	R1E9EZWC	51CWRWQ5	K2BUUPFM	MZ1QE5TI	9VLACCH9
2WJCSD62	Y60NSA5K	9QH3HX1A	HJR646QG	5MVSR1PG	4MN3BLGV
GUXL8SJP	J0V4QXE6	KA4V6CVM	OBIYO46G	QA2Z4298	QW3OLVOL
55EJ58FG	S1XXDUDZ	DQG4AW39	DAXDU9SH	3WXYU97O	Y1BEE33L
MV9A6HVG	YFYW47K8	5GNFD6NS	7QEUMWQS	FKDX4F1O	GFC20WM5
II15YLX9	5TIALGTV	KKYK26L1	1TP39HVC	VK63139V	3K286BLX
45U5WX3G	PZ35DBF6	YXLML140	659NW7PD	Q61TW26K	SOBG6KCH
QFLQN66V	GIO9YLKX	SZTRMXOD	IK5RLECK	T61CRHRU	24RR99XT
ARSE8F9G	OEKQ4HS4	1R1PSRJJ	0LGCD88Y	PXJEUEY4	JRFQQ88B
0F6G9ZKV	CEAN35LC	6XJ0HN1C	1HDF5BBL	AW5H55SR	MLMY54UD
LJX7LXGD	T5DWP62L	J93MJ5GZ	ZGSEUZ2L	PYT8I15Q	D0D3BZV2
U0N6ZJRB	5IOU5RU7	D2I5UVKC	I4AWE44J	XR4YTV6Z	EXBAR7Y4
XTZE8DO0	23N9OBPL	ISX1MTI1	IRZ8AU8A	QZIEUSAH	AR31G6IH
H3HJTJKR	OIQJG627	PCP6FNPZ	5V0B1WL6	VI0WF0UJ	FC4OWMP5
36UKSXE1	LF4JPE2Q	GUYHPBOT	41H1OEAO	1UI3UJG9	YPYBS7XB
JGEGOR8D	BE1G44RG	BQ8WC890	OKLA5FJQ	H6TVWD76	ELH34O1E
74UI9SG7	RAGE71R7	C8XRGK9L	NG7ZS742	2W55DYQR	YMCYPFOJ
J3XJV2MH	M5DRQDXJ	D8TVXDLC	SGRFKNZ6	U1V4JQEH	3AITEAP7
VRNQ5UPO	OUOYWA6G	ZKQMD12V	P0825I1E	96U1NVGM	2KBJSUL3
3SUUFT5W	FAF2HRV4	N5KQDMFF	L1D80KNX	64L30CCZ	E92VWMIZ
BW9OIWUQ	TCZN24A9	6FIR65HK	6S1MAZ1J	LEACN229	3GUS34IE
YJ2H337V	SUATEKCZ	O299QX79	6R2Z8PGY	U3ZRVFSB	6KHV4MA0
BJ66X6BY	BCFN88IB	2F84Q84D	WBNHJWR7	2OZNJRJR	P15H6630
EYR1S0OW	J1OPYO7P	LIOFCE7Z	C60SFWWX	DIQ12VOT	0BT7SLAQ
661LXMI7	8EMCBMFL	S016NCO8	MI1G0BH4	8HHUUZ42	35TUEHAQ
NKE69GG9	PI1I361B	I1HXGT6J	9XTAX9WX	PX8VGG20	JY6112CZ
MOSVQX3K	WWI5UP9Z	MH6J4XXD	HK8MXRRY	U3Y09UM8	T4RUYV3U
FVLP4TJ6	7BTNIZT7	DJ3FCSSX	7P8WQNUD	52X0WYZG	07KY17KX
8HGGBITX	V9CL5NYE	KZK9FQ5J	S4P28BUC	L0Y26PQJ	49DBFLR6
FBMADVSN	7ZFMUDW0	WS2A54X0	BUOA7NGW	5NKTNJ16	3QI3TK0R
S8R8UYH8	E4JX8V74	7KBM1HLU	K1UZEHSM	HVOZRZ5I	H685LG2F
4IUOSFOF	X43TO0G2	WV2C0QMQ	QSTMG08N	ZNFQYEBR	QIJIJNH3
UC7KQ07E	VM537HTK	MALW9XS2	86NE4QAO	JF0E1549	2NCW1XQ2
NUCLALEN	06R6C365	AYRBLPV3	JSPXYF7J	Z3PA4ZN2	2UUAYHFR
WZG1DFZY	YOLBKWZ0	X1NTYRSU	R2TTJEYV	A66SUNEN	9TH87R75
6S8I5OG6	X2C20QV7	I5SI5XPG	GPPLV127	8KHIWCU6	4VJCLLDQ
10K2DY59	47AB9J8S	DLSTX9M0	TN3BZX6N	UJPXUD2J	05YSPT7F
56JEF1PE	6GPFSNT6	R9PD83AI	YBHERZ4U	P3WOFJ37	7JW6SDES
S0MPYWT8	13CLH8S0	1OHIBYYQ	HC5JU9T8	9OELADWA	GJ4ZMOEQ
1LMWYUDY	HVGLO5JO	28YG0NZ0	WGUMYP3X	F6PPS0BE	TH2EH3L6
Z8BH1XSR	2CTP5ZD1	S0EDWL49	S6GKXW68	UE4BS62N	YQ70I38E
NNM4CQQT	VL3A86NM	4X8TVQ43	LXDK031K	6D3RG6L9	U1WX23EL
90PC6YAR	G0Z21C15	3D5A2FLD	A70YSOKZ	J9YO8W36	9SC7M2DF
6VLIJ78X	LLISGTBE	QFMGEXGR	CR03ZIJX	RD55WNQO	FKNSQN0M
CCIGLKMS	L7RX4QCZ	DMCMWWBQ	Q763DEZ5	0UODVBXW	14TJO8BI
GHUH5FFW	I52EU0I9	9Z5SM8Q6	1TIAW6UN	UTXER0M0	2RTQCNLV
ARKMM86K	IQDNGLMV	WY06PEP4	WWWY1XAU	1W7DAKCQ	BRGZLYX7
2Q3ZIQNM	3Q2VB1OM	L2VK3WN8	W8JAC9EC	0CCVPSSN	95WUVXY4
N7BAEWVB	E4L68LDC	D89QRTA1	8BFHFKNS	PTEXYU8Q	S1WSAHBT
YT12RRV8	8V0LCRBD	2RAPX1GJ	TMFVCAX8	IUHOTCL0	G29L729V
F8U4TSFX	NZ7UIH7C	LEYENCB3	TEZIIZI8	4L3IH6NF	FN19T5NI
H50KTGZE	3E64NDSS	QVU810X0	W67TKBZZ	DPFIGRUR	7UFA2SY2
MZRH07SY	49BKCH22	20F2NA7H	H44HS1WT	TSNXESHE	C15SK9SX
V5JJ4TLS	0TE69N9R	6T1E38G1	B4UYF81M	BNQEO1NP	PD6ADV9Q
YDETTQVB	ZDY1MH83	2YUC3TWL	I57R0U98	1YNP9VBF	UW3Z3MWW
26IIO30K	9ZZDO5VH	AIS855MD	JNB1YO6A	OJ8DXFRY	J52S4AZB
H6OFH8R7	PZ69H8EC	KXMAEWEX	97N2R2WG	8Z2T3LQU	0NFOR7NZ
P54868EI	F6EJH1E6	2KF1JSXZ	NPKDQ6NU	PXSGREFO	010O7A29
MCDL90N8	J6YWXTJM	6E933XN7	UJNSC7TB	TG7IJJDE	VY42WJH0
3JI6989T	2MV642ZK	MHLHNBIR	DZE8JL6P	MBM2EB38	GTSZ1FP9
GQY8RXQ8	I0WXDBJE	IQ4RC0I1	JM5FVD0R	NNUKF7UJ	XKFJCHPS
GFKLUPU2	7XTFASO9	58QLNYM7	ZXUDHCUD	DH3CAMRH	77IV92K6
V0344UMP	VXEUGB72	XR5G3WLZ	7CBSW01H	5XQICU8B	AJ2MILUS
THKGDUW1	1UDN6VL0	JQTTF00A	GNTQRSIO	9V6EEHUL	EVGWUHI8
SSMA4NCT	KXIOKOPP	TAE3Z0MT	DD5YHOUQ	U9IH6PRO	RQG03WGZ
TNNC6LOO	TN0K62PY	EZ0JHJMM	WCBCH040	0TMIOU8P	09WYOBA6
CKI3GB5S	B1TX21AK	C39WT3XK	16M2GJIR	QFSP84OB	C0L39GEF
AP619YKS	RZ6TQZHN	LZGFMQKX	YSYI392X	1VH840M9	EBD0SP7W
CCEYJPI7	IG1B1BWI	1I028QIV	7VS5TLMG	L3V5TP5U	TMFUZSCA
F38K0WWZ	P6ODWJ99	IB9Z4MK3	QKX75R1Y	A7SQ8UJZ	SLPGDP6K
FR1P0JNM	N2AXD1TJ	RM1QL367	1IDE2YOB	438DXQ8E	UWO4AFXY
MQH7J1EH	VM7GXZRT	3XRRH8T5	YP7XLPWB	PJ906GAA	B4BCY2C5
8VZ20CJ1	TU7TOXXR	9NI7XO48	LFMKUXFB	7CYD7SPU	IC02GJJ7
AFM5JT7A	0EWFYC9B	M9RHOETA	5XIJ1DR8	05UKMZI2	BVKZDMZF
ZP8TBBEN	43S4RJ5U	Y4C5X4FB	7VDJLY6P	AFF7JDFT	48JDQE7Q
1Q3C006G	D4EU37S4	2VO7AE44	BO4RB6SV	VUNF5LTR	NYHHKUGP
PX62GQ2G	ZR2W9OS9	EWDUOV0O	IY3LANMW	Q2MWWG1G	A4H9URR8
5E5C13L9	RQEU91WC	FPS173EG	U69A1XCY	49WT38UF	1LNXNCNU
TENZZ2K1	XFH2KO9C	RTMZ32D9	5DKA5343	VIA28LB4	E506RCNZ
ZMXOTYZR	33ZGGJJH	6YJ8KCZ2	1SGRV7JE	GVGJL48N	UD9QSMWI
00F00KY8	AGTW8OC5	DUOHPBSO	UML952C6	4K1F4KP7	OZZ9IKT0
SAB84ICC	RBU8MU6J	3NDMNZI2	Q09AIX0D	OG9T3JYG	KBRG4PNE
QJ8ZM25Y	ZO2ESIKJ	OZPD1R90	60UGLIKF	AK7PTRU3	QGEUB3XI
0MPQZWEN	87V6X8QW	NP1CZ4KQ	D7QP6CKP	EV8LI58M	S0MIGW5P
E77V6VEN	TIYMY92B	L3P3EG0I	59EP1LAB	O3IC31PD	GLWG33X6
DLGW18C3	6MEH7C2N	LM911SD9	GQHLJUQG	4PRITN4G	HP4CBY5S
LF1L6ZPN	HXA04F3A	UI603LJX	RB6MS8I7	UZC5MQ21	SDA0EH04
SDBMAT5P	UEGN565O	7GJB2TS5	C5TP6ON2	EARR8IH7	BZG5UPXE
WWC7G232	H3GS2N0Z	1VG06D2H	7B4AY79Q	BLHBE0TS	7VHLD12M
CDW4DSIQ	WQ8TEXRN	H5HNC9AV	B49M80BM	42HVBU51	6W09ASP5
7NFWLKZN	4E9HSGN7	2ZYHOVX3	HEVAC7DY	QDB54GT1	5THAIWQS
NYHEFBOT	T60I2DQ1	1I6M2C1X	RUYYXGGP	K14HOUJB	YACE9RL5
3VBBYUZD	FW1WDUX4	EL1E4R7Y	Q5PFA176	EGEBBNAS	7LQDB6Z6
CN9BLX8K	RQ8LOPBT	8Y6RQCJD	EBK850SJ	M7T51PII	CRSCZNIE
ZTLW182A	LX4332AT	6OOHLFWG	O9GYP9Y0	KTCV2IIM	GQFQ9KAW
IJGGDX84	7L44CV9K	S1T5VJM9	PFNVCMA4	QQRZYMHQ	ZNAAZT1Z
PC8ICZ0I	Q3VAF0GT	Q319PQHM	4PETQAK1	1C4ZQA3A	ZQNNM10W
BW5XQN96	6C4Y574E	JVSD6R0W	FHDAKKCW	1709TFNM	UDZZQBA5
W0NOPF76	XP62VYE9	1JU1KH3Z	LBZVIECZ	YJCX4P6K	VJW16J9J
4ABX6EHL	5WVGFM1K	VFN1WKNU	BJX7J95S	XIFAPPC7	DPLJ7MRB
L314SGWT	242PSJVH	PGG2I283	RVQ974ID	QULJEJD6	XJQNJAZ9
NRDZQKLS	5DYMWPWF	3VP23SEJ	QJ4MB94O	VZ36XA81	ROF2XKJH
T0XBOORI	YILAY6EW	2KMKSI31	3XJGD89A	VDFDCSV4	9RQG4HOD
CY6TWO9G	7Q7ZYGTN	DWQ8RJE7	FCJ5A5JS	PKBXHJ11	41DMYDHN
S91LM3NT	DDG1CTCM	OW40KFNJ	THHYT42O	62DHQSJQ	4PVUFBME
33VOMOJX	TGDYVXSM	PS4TMX84	Q5WMR2H5	DKMZF08G	6C0H226E
2F1NJTXU	K2OAJIS8	PIHLDITO	TLW1CLD2	ZNDR2WXK	MIHQ88E3
SMOR6MUK	U6RUWZTN	AB7QW7JL	92QJL7TL	YBWAXUOQ	093B2HFQ
ZHGLDM7Z	99Z5K4Q3	R7CD4O46	UWRBQ0FA	ZT04C73U	0859N79U
YK35UIRN	IKI1314Q	OAVYBD1N	YBNTHZSX	789384EW	MKAMOCNG
E034OVSX	VWILOJA5	SP5RNMRZ	QJVIM3FK	VLFO4WBR	C7MRNK51
5A58KRZK	7AGQWPKN	O1TVM7YW	WWCG3I6K	X9FJJZN2	Z4IWX2R5
NXBM9V14	F6AZC5DM	C20LXI6D	DZ01LR7U	XUYOLUFQ	ZFLSSASC
PM9OYWOV	HF87EJFQ	CBH50YI8	3MX55CZO	IE2Q09XZ	L15XVGKT
Z7A8HUEH	CQBB6WE3	9O671S21	VABIRSLC	9F5R2RW6	2LJYWYVD
1S267I9S	NA59SD8C	P2J2PH4L	CX4MRWSL	26AX7WYR	1II7Q25J
4MHI40PC	4N30R7EN	AY24JLA6	ZPCOF00K	EGZNARL0	U22KEV50
SAK2YDVI	VZD8KT8A	O3TRA1D7	S8E85T4O	NNIB0CMC	71267RIS
51F1X1RP	W3C7J2K7	TMA63XM7	22TUEFDS	8JBJB8WT	S2TP0MF7
P9M6IMG6	6OR09TS3	MOLWBUTX	60KY6Z86	4OVVTDX8	LQVGH20U
YWNIM12X	ZCECEWH4	8DYJU2LX	Q1PTVPB7	3YNO240L	SXCVJALQ
3GUZDPXU	DWSP2M9D	PFDZQN5P	TA71XL6W	ANBR0NN1	JXAEO4TX
LP63RLMQ	3VYQ1CCM	3QTYSMHF	PAUMM8S1	G8ELUBJI	2FIXOBYK
34OJUQ8T	NP9JGUEF	E2TLY20X	I59KTT00	ASFZYJVN	FZDZZC0L
418NO6M4	ZNBQ0VUX	4XGAY3P4	5Q1EIQU2	OM3T64K4	7CHNM9M7
NYMPVVT4	DKC6I7Z9	XIK6P55R	R7HCEPUW	FSUJWG01	VAM021SO
RJBDNT85	5RBJ7C8M	IZ9OFYII	3OTEAEQJ	8V7GG088	YS4ZUV99
CJ7GHE6B	K9NMKIJK	NKERMLG6	VQTUZO6J	4PHYOZZP	IG0PU1R3
XXXXML3J	ZEQT4VV2	ASW86PUV	U9RFZBCF	4PV3LVDJ	EA23J7SL
I67RJCEN	I9TF83K7	FJEDDS4T	QNA3L7E8	1Q8NA1QP	I2VU7LYZ
H36QWVMQ	TITDZDDO	IBUUXTD6	6GR4I6X8	2O90A2WX	QAMUUERB
WZRPVC5L	B9Q3AKU9	LRKL9O1K	CYNKHC7D	5RUL2EGC	70X7NG1R
JO2BW2YE	08AQZ5NK	SP2QW2S0	PEP21E8L	DAEY1Z8V	F0EOSRBB
NM4O2ABA	WPJ4CRZN	XMYAFDWL	PDP94WR8	4D65JD17	WP1W66FU
ZV1FJJQ0	NFEMS2VK	NV9Z25T1	48K3LS43	O5GETUPO	S4V3EBVP
IG227AYK	7YH48NRV	CO1GIE4J	HN9JQEVV	WKHA1P7B	3TXTO9IX
OSAW3P4K	NPWJ1UKN	8JINHG8S	88R82SV5	Y0MDUHC3	8FLJU838
TS1JXUOD	68VG3BKL	K89XBA4N	Y1QLQNHU	J2UH34ZF	ZF2P3ZJJ
4YU3GPW9	BB62JP8Y	SFXN8XTT	YU6AOU3L	WUJ3DRT6	RZN3L6QZ
866S5BNZ	ICRU040D	D3ITNBKI	1QAE2MXW	SHNH3SKK	CWMNTZM4
WJVNCRM9	NTGWT8WT	GWKK08JK	AT0D1CZY	R285SDEV	366GET8L
GZ2RNZOA	7VE8GNVL	EAHBUMBM	994PMG6T	8UJESUQ6	4VQ94BKM
TH5PV3P8	D2QH8X7I	T7TXAXKU	JHGUXDM4	IQ0PC88N	F4WQRLOP
SAI7AF6H	ZX8NVEHD	VZCFX35K	1OZMTIQP	1QU7VTQX	41QI8ER8
C8GAQPII	ZNS4Q10W	209LNDKY	SX1W5OKY	DXYNVJLZ	P0B6YQD6
J459YKK9	CVADPIPL	OXETVBG7	SVW1J2UI	3Q58LHMR	Q6BBGAKG
1AG560T6	9E88WCV7	6KW3FSM1	SHXWYJ71	GEETP7SK	BET2NW1H
BV1Q0S19	0T4O10ER	N2N8N1RY	NRD1K9EE	6BSGE3XD	O0FMUOXM
VJX3L0SY	RXPFJUYB	3LWAY0E5	1PQX11UP	CKC8SVEM	Y06I7QSR
CCM7OP4O	FN3EZE26	4YUJD9UC	PIZ6NGIS	4W72E5RN	IDIJJKXA
V1GV35JQ	GONC42XH	1UXBYWCI	NTUXO0PS	RA1AZIZ3	3LHTVSOE
V111HXDB	LOH1D5HL	NTTH6ZGK	CEJAFVKE	94VI96DC	TGZKGBR7
BHD9Z4MR	KDZBLMX3	X7HOYAK7	IHOE2KQG	X6CMOQE9	MK8P1IV5
6H2B02DR	2GGQIZYP	5LCSG3GB	WY1ATOLL	7NFPBJN5	V4M3AZYA
NR8SROWC	VUTI3MI4	YYCV08EM	TFRLVSAQ	B9M22FF5	HKYUBPR1
7NPFID7K	OF62TLJQ	5IQWZ6XC	AC1RTULC	DWPPUH7Q	JP2TI15E
ZA97JE8N	K04U6DFV	MRGP7GXJ	CVFFHCCY	6YGH95YL	39JRRZAN
0FW9QSWH	XDJO8RI9	2ZNOU2B1	E9OGOJ49	TFX5OQ7O	FMEAHB75
I3LJ1L1T	D9C6FO32	SESI1RLX	473I265V	0204QLWD	S1UIHMPY
CDDQ46J4	R8K14OQN	VGHFX2UQ	D3O27QKR	PHRYYGTR	UM6WQRM1
51G7HHM5	109K0C8N	FOJXF7OK	5PSABPQD	YSGIBKC5	FD1EKQQ4
C9ADRPMV	4LN0RS6K	G9SIS0TJ	L6G8BOPH	6T688870	7U50EGHH
764EV0FE	AM0Y0PBE	ZVIQDEUZ	DQXB0L39	Z7T41I6V	Z3MI24KL
3E8HPYF1	PBQAMGO7	PW1MO74Q	114M3PQ2	DZ91FZTQ	S2H85HIS
RTIEWIV6	J7F8Y83H	NPY5MNZC	PPCM1QKD	PWS4Z24A	W0RATAN5
ZXFWMV5P	92FQZCCN	G88Z57F4	MRUUGVID	8BXYDVZ0	B16TQ0CS
77KQDCF2	9H8XZ04S	JAP4R3SS	92DL6VJO	OE9BDZV3	QAEUG8B7
O9HACBMJ	CTY3NHKH	W0PPLHPP	IOLNOKQ9	TWX2NBZL	BCHXA1YT
4D23FNN1	69E0M1K3	GUY3IK9R	YT1QU39D	CEUYJ3RU	0GJHHYFI
FAXHZNAE	NYSAR3VI	S4BMAHA7	4PFLEO56	SIO1D5XI	98H2BXQ4
OQIYZ5XG	TUHQ66N3	Y69YZVCM	EL5COOXP	W8X6XI1M	XI4646PA
0TZHTDO4	ZO6M0S63	NTE1E5KL	06FPLGMH	IM5QQ6DX	MVPAE179
HI2CUDGB	FVU44CAC	L7AT0SFZ	8CCLFNRL	LTXC0ULF	Q8L4R1VC
EJQX2RFN	6GMLKNGK	BFJOKXK8	1NF2O0P7	FDTNZP1E	GF9BPL0X
5EYVNZON	YQOM2VO7	K59KDM0U	JBPO6VED	FJ7S5H7Z	0ZSSH3CE
FHTWLEV0	YX0N7JSE	S9FYRFU2	HVB1FRXL	81ZZF2L5	FDA7ZVLO
3NVIKLQQ	4927PPJC	ECP96BSE	RR7V1GIZ	C56X9K1M	VBS3IYKU
08Z293IW	K5ML5IIB	FRBKHF7I	VMSIE6DE	BD03DIJR	SUYA8XEY
EK90QB6B	UR2PNLN7	85S64H2I	6WEL72NI	WYP0TUAL	0YMWQ1LT
DTR1B3GQ	0I6U71XR	5VWADGJ9	5C9RIYW0	CAI0S5N4	8TEW3MF8
MRW8OHKF	D29OAK1X	Q5QU8T7F	NDFMM532	OHI7EM39	0NX1FO3M
QF6QRIS5	OYZ9JE6F	5H9BH2HN	KB4F39L0	PLS5A2K9	P4J89TSE
QXWKWN9Q	RQQNYS3N	UAVX7DBS	4K38B5TL	90TV6ZNY	B9ECGVPS
P9QNKJJ2	IBUZ3VIM	39M2C253	C955P81N	BZ4HUVSP	3QT96UGM
NICD7AVH	QCDN4055	USJW8DSJ	07NZO1V9	L0VX2DR6	E6698TE7
I5KS3JMM	AKH2UPBJ	AZR4AY84	WIDLJ5ZL	DE7ASTXY	E3JJ8DI4
6UHJ3PDY	K5GFRH4W	ZF5H5UDX	XMAMGLSL	Y1NMCCUL	NOXFHRIP
WZP9EBDN	ZZLVLATQ	A84BEBLD	3ITGTI5L	WO9TBZHW	Y2VAM4DI
FWL09D3X	8VLODBKK	8HVOID1I	XHXNK2S3	G8CHO89I	JDIXZFOK
KS3GDUEY	L9HB7XKT	ABQEY58A	6IIK0VZB	50IVZB56	BV6BYF5G
0LFQVJ9R	BCE33XFA	EB4QWAVB	RYJO2I03	T8LR3YZG	7MJR24P1
7UK69TDH	YFODQKLD	8MN7A9G8	L9BA0F79	0Z4THLN1	CR3136QH
SU8AF0PQ	OLILWU9G	HUJIX262	S4PVMB4S	EDG1XX28	IZY8CC3I
92DEJJ8N	T6COOI9R	BHT1LN14	HKGD0YNP	B99YC7JE	FATNABI5
LB3RRL52	WBZSBG9N	4ZKC63DK	PLGWJPF9	YBUI38SM	UMHEHEI7
NB720L9T	ER80YSFM	8XL8Q3P2	9GBDUEVD	G36TAEG0	D1B0PMY6
J229BZU9	P5TD8QHG	41GW25HD	J180H395	YY92ZLMM	BMQQ4LH9
QY9I1C45	K6D2NG4F	LR4UUWGO	OFGS07HP	ZP9GKWYH	7G7RIWXB
GW5HHM52	VJOG38PV	VOLGKJT0	2Q1E8A33	21QFP4E8	W4UVPUW8
AGRBVMUD	QE2A6KJW	PAC7SG77	1W1QJXT1	SHVBWNO1	Q7DK3IT1
C8BO97FH	PS96LLFW	41OWXEKS	FCCKU0ID	3ZKG70XS	N5B235J0
CUOK5IO2	9GHKEBQX	YHZY28KP	O9SRVTQ3	PL9Z03I2	AIS2A9TD
YDM0KT0N	SP2JILOV	2DKPNP17	M9CTJ4LY	K6A8URIL	G4FC6VLC
N7MT3RWV	BJRZXQWV	VIAV1QR6	HR9N4YNR	BA02UYZQ	ME655TVN
QLFPMERE	JR8ZCFJ6	2LPVRNEU	Y14CGFBA	DCAG1ENU	9HMJNWHR
LOLIS8NX	YKMK5AST	RS8IEQ1U	6BG1TC1Z	AMLZ264K	BXLWNU9G
L2EWFN77	SWIO1XO3	YRTAXUDV	E2E3B2YS	XTUTL89B	8K10RITW
DXH3LTN1	DQW5OMCX	QUM22NO6	SZYDDL3U	GGAD8ZMG	FG56XS8M
QJK5U5US	M79RGN1Q	GM5ICJMF	OKMKCLZ6	9332S338	UGD4N3QN
HOFE0N9T	K2POZE10	INAH3L16	FW8YH6AR	E5TOOCXQ	C8HXABM4
HU95C2QW	1XW2SEMO	52CB1OZV	8VAIZGYM	0Z7E88MP	U70EHQYY
D2R0MG2N	FM0ZK4XD	GJUNX6BA	GQ59XVA2	1R8DYNJE	4K28TG2S
4BHVY8F9	FT2470DA	NKDZ4A9H	77VX2A5X	IV68Z3JJ	LDG9P8TJ
W4BKWXZR	5ZFGXXGT	QIJEHKXZ	D6QGZY9B	CPVB9WWR	0ALSY2IY
ZYR629T3	JG5LF0HU	872ZGU9P	3F1IJEC9	N5AY4I1F	9JO3VFZE
XH5VQKBH	L6UCRX6J	QCQZ1PDN	8QG34VUJ	PBSGV693	BCE1XNC3
B3O2Z3QI	WQY8K24Z	O46CWVM7	6P08ZK4U	AUCIPCV3	A9R758QX
QNBHTBI6	7S77M0P0	79JPUG62	SWKA8BFQ	E6YILMNE	18R7XLZ9
2C5MEL02	VZRS8FB4	TU05ZBEB	CBW5XVEY	AO1CP8JG	2OM3TKV4
WN7SP0FW	4PBSIFDF	DEIJRL3Z	YL4E5DAH	SVWXBYD3	3RQ4INWW
M7YUUEZ9	ZSWLL2QX	AV0C6YB8	1YB74ZE6	N63H2L7Z	HKABYRIN
C71QQFOT	22XH25G8	XQWD89FL	F1WC3JT7	AQBOJA53	8499DH2D
QF7ON4SW	6A5UH8E7	A5EII041	BHDQKQXU	PIL0D8HJ	MYJNG2RR
JBZMQ45X	TTV9SSUF	B3WV5N58	BR6YQ2W7	PBQHKGWL	CYDM1XHP
QLLMO70H	CUFIQ282	XSD1X0B7	L8EJI02Q	EMJQ0D9O	AEGQG91T
I4LJFH8W	JNTG0IYA	VK71Q3Q8	Q9CO2JJT	MQAJ3I27	CSKOY1UA
PLKWKTY9	056AZPAN	K9LGVWLK	VVTM2CAK	XYG3TN2S	P83VKGNV
30PWNZFA	FLSHZD3H	O481XPBC	EG9J1LMT	H5X1LPSY	D0W9BMUP
M2SWLXOL	4Y0X2CJA	I7WQH02L	E4DPHA56	UUQ4NW1U	X2X8OXNU
WN89JP35	4N9WI1JV	BEN9HTEJ	92I4NY44	WSJIVQ1F	1JN4HCZX
FKMX4BBN	217H0A3W	2JKTVLSB	NKEYNR3W	K7ZDYTEB	FBNE6D0W
THY0YXNS	SMK1I7WJ	WH8QGSQB	C155L83Y	FD50CK6J	6JJJL56D
ZT3VWMUP	0QALBHTP	C1G0IV9Y	OWY8BKJI	U95WBKMR	9IR3RPJM
LOJGAM1K	H69CEH6T	KV2OJ0W5	WUSPVIOX	NRW0ZVJS	XUSZ8F8U
ZDVTM0PU	G8OSFBYY	LW1IQRC0	OEK7CZ4Y	744O3WW0	62DPGK5A
Z5DBICDR	V7HRI3LE	N3YHSRPH	XEYE2S2Z	7G8GZXBS	HPHBCU6Y
N5R9G3EB	2FMO7HMR	6TKCSTCN	DHCHAAZV	FRDMTLMN	FYVBBNGB
ME879822	YFAOUC64	A7A8SSS6	CVNLEBQU	YLM926QM	5CLVVXW9
NVZRS3ZO	J0LH202G	OH9KKT35	ELQ45P3T	KGMNHHIM	NPFPQOIT
DIL3SK1W	56IOBIEQ	ZGIVT3VX	PSJ38R7M	DY08LYEH	4HAUGKL5
3DOVWVAS	5YFOTTPL	54DYMARA	3HB9OIG6	DAO6NK8W	3Y579B5M
LYG9FD5A	ZJFXNF3L	KRXDF8FE	MMMI8LFR	VEBJAX0W	DYG9ZESS
3FWPNU9T	OIYO4Z6I	R1C1RU1W	J92I2ZED	CN2D8RE7	2LYY8SX6
GOE4L401	H93CEQGO	7S7QYNSI	IIZ5LTYV	SF724N3E	3P3KGHXP
M3482E92	K7K541Q6	R5W43LJH	QBMG8BGU	S1ZBDKHZ	LRIG9SPC
LK1AR6RL	K1AJ9GZT	2KQ0VK1T	0834JW10	YF6IX0F2	7GNN34GL
8OMXJZDO	HUPIA545	PR2K0VER	R5DEBT5V	MMBFXKOS	15L3RN4T
8Q00OHYJ	FD9VECNC	WF3LCEF0	PJTO3D3Q	XRWDDSCH	RHJ6BNNN
JHC3AQ46	97U5AZDK	15R6UA20	Q2IQMAKG	YANZUQ3H	Y6EFTH1G
6J3OTLLK	44NXBKKY	7SRSFH14	XQRB6G83	H8DRQD0H	HNLJZU26
3949M8TW	5U05RCR9	P91JJK0F	4DSQKEPE	EEU2O913	A3TERXBU
5OZ5K6H3	9L5VBYSL	B5IRMJCA	PL7UOTZN	2R1YBY6H	F13SWDS0
ZYYQZB3X	6OS1M3U0	9SCREMSA	RZTBUBW5	4I5JLS65	BKXH68NN
I8JUNU3L	6G8ENLDG	ACHW8V3G	2N6LT6ZR	LGJPU2JK	I004TQ4E
U7V0LANO	ZY9LA8F8	TWMCXLSS	SWIYMJMU	CCXN44OQ	99G12YU3
DRXFC6I9	JHCDUT6F	YMWPX6MG	3919FXRS	QOLGS6ZN	O59IE4CG
QUH8ERLA	RARP00NP	PUNJXIR5	8WWP0AT5	OHQUGR28	M1YHNNNG
0O6V4LTT	1XNI9Y4C	MND1KBJV	ECG2CT2O	0G87JA46	50TKIVKB
Q6LNR4LT	Z0SYRBXI	UXZ1LU3N	ONEO99XF	2CBOM4M7	PKTXIVKF
MGPJIZ6U	I6JBIL7V	IPMTKG1L	S8U43FFP	D9DBVEHT	1H5SAPLF
Z7RYBUQL	59WAJHQ2	IQJC5AI4	7I8VO0LY	X1S0TLNC	4GN1J1MZ
VYRUBQ24	FLRZVRGY	SCNZL9X2	189R1HJP	3JG7NREV	48QEJT78
AX5NRQGI	KL6YYOWR	XKRX67WL	68EAXPAR	WEVCWRDN	4Y5JSNXB
4KG0N9LI	6745LK8P	PNDVOM5I	5QKSDRUA	PR9V7AAE	PA2YTHOL
RU7WAU9T	DE8NN3E1	5CZ6A35S	XKL4HU5J	XU4BY47Y	70A5GQ38
0EMVH3BQ	6DKAIWR4	7CJ9HSOW	OFSXAUQR	4QC2VBY5	0GOZA0VR
LDVYXW8L	ZVI116G8	W28IZ14M	R6833P6L	59TIXXUH	JZU2H88Z
9V2R836D	ZHUB0WIQ	2N3X8P7W	PE01C9OF	FOPLUQXR	PRJY2OR6
